"county","year","household_type","housing_burden","share","source"
"Alameda","2,009","All","Less than 20% of income","0.30035739758","ACS_B25074_B25095_1YR"
"Contra Costa","2,009","All","Less than 20% of income","0.29780423788","ACS_B25074_B25095_1YR"
"Marin","2,009","All","Less than 20% of income","0.34415141981","ACS_B25074_B25095_1YR"
"Napa","2,009","All","Less than 20% of income","0.36467273236","ACS_B25074_B25095_1YR_5YR"
"San Francisco","2,009","All","Less than 20% of income","0.34645173398","ACS_B25074_B25095_1YR"
"San Mateo","2,009","All","Less than 20% of income","0.33129857284","ACS_B25074_B25095_1YR"
"Santa Clara","2,009","All","Less than 20% of income","0.32356768568","ACS_B25074_B25095_1YR"
"Solano","2,009","All","Less than 20% of income","0.2979482344","ACS_B25074_B25095_1YR"
"Sonoma","2,009","All","Less than 20% of income","0.28750696205","ACS_B25074_B25095_1YR"
"Alameda","2,009","All","20% to 34% of income","0.34754213028","ACS_B25074_B25095_1YR"
"Contra Costa","2,009","All","20% to 34% of income","0.32616071453","ACS_B25074_B25095_1YR"
"Marin","2,009","All","20% to 34% of income","0.29083585499","ACS_B25074_B25095_1YR"
"Napa","2,009","All","20% to 34% of income","0.32771934353","ACS_B25074_B25095_1YR_5YR"
"San Francisco","2,009","All","20% to 34% of income","0.30223001148","ACS_B25074_B25095_1YR"
"San Mateo","2,009","All","20% to 34% of income","0.30196814631","ACS_B25074_B25095_1YR"
"Santa Clara","2,009","All","20% to 34% of income","0.33348584909","ACS_B25074_B25095_1YR"
"Solano","2,009","All","20% to 34% of income","0.3188752202","ACS_B25074_B25095_1YR"
"Sonoma","2,009","All","20% to 34% of income","0.33371222024","ACS_B25074_B25095_1YR"
"Alameda","2,009","All","At least 35% of income","0.35210047214","ACS_B25074_B25095_1YR"
"Contra Costa","2,009","All","At least 35% of income","0.37603504758","ACS_B25074_B25095_1YR"
"Marin","2,009","All","At least 35% of income","0.3650127252","ACS_B25074_B25095_1YR"
"Napa","2,009","All","At least 35% of income","0.30760792411","ACS_B25074_B25095_1YR_5YR"
"San Francisco","2,009","All","At least 35% of income","0.35131825454","ACS_B25074_B25095_1YR"
"San Mateo","2,009","All","At least 35% of income","0.36673328085","ACS_B25074_B25095_1YR"
"Santa Clara","2,009","All","At least 35% of income","0.34294646523","ACS_B25074_B25095_1YR"
"Solano","2,009","All","At least 35% of income","0.3831765454","ACS_B25074_B25095_1YR"
"Sonoma","2,009","All","At least 35% of income","0.37878081771","ACS_B25074_B25095_1YR"
"Alameda","2,010","All","Less than 20% of income","0.29960040055","ACS_B25074_B25095_1YR"
"Contra Costa","2,010","All","Less than 20% of income","0.28620338157","ACS_B25074_B25095_1YR"
"Marin","2,010","All","Less than 20% of income","0.30315919187","ACS_B25074_B25095_1YR"
"Napa","2,010","All","Less than 20% of income","0.29510907588","ACS_B25074_B25095_1YR_5YR"
"San Francisco","2,010","All","Less than 20% of income","0.33580863427","ACS_B25074_B25095_1YR"
"San Mateo","2,010","All","Less than 20% of income","0.31692674211","ACS_B25074_B25095_1YR"
"Santa Clara","2,010","All","Less than 20% of income","0.33953641223","ACS_B25074_B25095_1YR"
"Solano","2,010","All","Less than 20% of income","0.28461393132","ACS_B25074_B25095_1YR"
"Sonoma","2,010","All","Less than 20% of income","0.2723272283","ACS_B25074_B25095_1YR"
"Alameda","2,010","All","20% to 34% of income","0.32729960422","ACS_B25074_B25095_1YR"
"Contra Costa","2,010","All","20% to 34% of income","0.35038059255","ACS_B25074_B25095_1YR"
"Marin","2,010","All","20% to 34% of income","0.27372375207","ACS_B25074_B25095_1YR"
"Napa","2,010","All","20% to 34% of income","0.35256206407","ACS_B25074_B25095_1YR_5YR"
"San Francisco","2,010","All","20% to 34% of income","0.32097840662","ACS_B25074_B25095_1YR"
"San Mateo","2,010","All","20% to 34% of income","0.33107405202","ACS_B25074_B25095_1YR"
"Santa Clara","2,010","All","20% to 34% of income","0.32168829997","ACS_B25074_B25095_1YR"
"Solano","2,010","All","20% to 34% of income","0.3409365054","ACS_B25074_B25095_1YR"
"Sonoma","2,010","All","20% to 34% of income","0.32017425051","ACS_B25074_B25095_1YR"
"Alameda","2,010","All","At least 35% of income","0.37309999523","ACS_B25074_B25095_1YR"
"Contra Costa","2,010","All","At least 35% of income","0.36341602588","ACS_B25074_B25095_1YR"
"Marin","2,010","All","At least 35% of income","0.42311705606","ACS_B25074_B25095_1YR"
"Napa","2,010","All","At least 35% of income","0.35232886006","ACS_B25074_B25095_1YR_5YR"
"San Francisco","2,010","All","At least 35% of income","0.34321295911","ACS_B25074_B25095_1YR"
"San Mateo","2,010","All","At least 35% of income","0.35199920588","ACS_B25074_B25095_1YR"
"Santa Clara","2,010","All","At least 35% of income","0.33877528781","ACS_B25074_B25095_1YR"
"Solano","2,010","All","At least 35% of income","0.37444956328","ACS_B25074_B25095_1YR"
"Sonoma","2,010","All","At least 35% of income","0.40749852119","ACS_B25074_B25095_1YR"
"Alameda","2,011","All","Less than 20% of income","0.29457918337","ACS_B25074_B25095_1YR"
"Contra Costa","2,011","All","Less than 20% of income","0.28945180587","ACS_B25074_B25095_1YR"
"Marin","2,011","All","Less than 20% of income","0.28410759914","ACS_B25074_B25095_1YR"
"Napa","2,011","All","Less than 20% of income","0.31710294317","ACS_B25074_B25095_1YR_5YR"
"San Francisco","2,011","All","Less than 20% of income","0.3248244225","ACS_B25074_B25095_1YR"
"San Mateo","2,011","All","Less than 20% of income","0.32429170119","ACS_B25074_B25095_1YR"
"Santa Clara","2,011","All","Less than 20% of income","0.34683106586","ACS_B25074_B25095_1YR"
"Solano","2,011","All","Less than 20% of income","0.30726530732","ACS_B25074_B25095_1YR"
"Sonoma","2,011","All","Less than 20% of income","0.2923384912","ACS_B25074_B25095_1YR"
"Alameda","2,011","All","20% to 34% of income","0.34099968698","ACS_B25074_B25095_1YR"
"Contra Costa","2,011","All","20% to 34% of income","0.34507009833","ACS_B25074_B25095_1YR"
"Marin","2,011","All","20% to 34% of income","0.32880309036","ACS_B25074_B25095_1YR"
"Napa","2,011","All","20% to 34% of income","0.32718477327","ACS_B25074_B25095_1YR_5YR"
"San Francisco","2,011","All","20% to 34% of income","0.31690983597","ACS_B25074_B25095_1YR"
"San Mateo","2,011","All","20% to 34% of income","0.31631636816","ACS_B25074_B25095_1YR"
"Santa Clara","2,011","All","20% to 34% of income","0.32564597212","ACS_B25074_B25095_1YR"
"Solano","2,011","All","20% to 34% of income","0.33757277009","ACS_B25074_B25095_1YR"
"Sonoma","2,011","All","20% to 34% of income","0.3377839629","ACS_B25074_B25095_1YR"
"Alameda","2,011","All","At least 35% of income","0.36442112964","ACS_B25074_B25095_1YR"
"Contra Costa","2,011","All","At least 35% of income","0.3654780958","ACS_B25074_B25095_1YR"
"Marin","2,011","All","At least 35% of income","0.3870893105","ACS_B25074_B25095_1YR"
"Napa","2,011","All","At least 35% of income","0.35571228356","ACS_B25074_B25095_1YR_5YR"
"San Francisco","2,011","All","At least 35% of income","0.35826574154","ACS_B25074_B25095_1YR"
"San Mateo","2,011","All","At least 35% of income","0.35939193065","ACS_B25074_B25095_1YR"
"Santa Clara","2,011","All","At least 35% of income","0.32752296201","ACS_B25074_B25095_1YR"
"Solano","2,011","All","At least 35% of income","0.35516192259","ACS_B25074_B25095_1YR"
"Sonoma","2,011","All","At least 35% of income","0.3698775459","ACS_B25074_B25095_1YR"
"Alameda","2,012","All","Less than 20% of income","0.31532746126","ACS_B25074_B25095_1YR"
"Contra Costa","2,012","All","Less than 20% of income","0.31684732123","ACS_B25074_B25095_1YR"
"Marin","2,012","All","Less than 20% of income","0.35643643324","ACS_B25074_B25095_1YR"
"Napa","2,012","All","Less than 20% of income","0.33827582523","ACS_B25074_B25095_1YR"
"San Francisco","2,012","All","Less than 20% of income","0.33448994788","ACS_B25074_B25095_1YR"
"San Mateo","2,012","All","Less than 20% of income","0.32809779997","ACS_B25074_B25095_1YR"
"Santa Clara","2,012","All","Less than 20% of income","0.35037670279","ACS_B25074_B25095_1YR"
"Solano","2,012","All","Less than 20% of income","0.30917930568","ACS_B25074_B25095_1YR"
"Sonoma","2,012","All","Less than 20% of income","0.31055215339","ACS_B25074_B25095_1YR"
"Alameda","2,012","All","20% to 34% of income","0.34230265775","ACS_B25074_B25095_1YR"
"Contra Costa","2,012","All","20% to 34% of income","0.33476197232","ACS_B25074_B25095_1YR"
"Marin","2,012","All","20% to 34% of income","0.29344791833","ACS_B25074_B25095_1YR"
"Napa","2,012","All","20% to 34% of income","0.31964533704","ACS_B25074_B25095_1YR"
"San Francisco","2,012","All","20% to 34% of income","0.31310498883","ACS_B25074_B25095_1YR"
"San Mateo","2,012","All","20% to 34% of income","0.30896867345","ACS_B25074_B25095_1YR"
"Santa Clara","2,012","All","20% to 34% of income","0.33346486981","ACS_B25074_B25095_1YR"
"Solano","2,012","All","20% to 34% of income","0.35214348524","ACS_B25074_B25095_1YR"
"Sonoma","2,012","All","20% to 34% of income","0.31984665192","ACS_B25074_B25095_1YR"
"Alameda","2,012","All","At least 35% of income","0.342369881","ACS_B25074_B25095_1YR"
"Contra Costa","2,012","All","At least 35% of income","0.34839070644","ACS_B25074_B25095_1YR"
"Marin","2,012","All","At least 35% of income","0.35011564843","ACS_B25074_B25095_1YR"
"Napa","2,012","All","At least 35% of income","0.34207883773","ACS_B25074_B25095_1YR"
"San Francisco","2,012","All","At least 35% of income","0.35240506329","ACS_B25074_B25095_1YR"
"San Mateo","2,012","All","At least 35% of income","0.36293352658","ACS_B25074_B25095_1YR"
"Santa Clara","2,012","All","At least 35% of income","0.3161584274","ACS_B25074_B25095_1YR"
"Solano","2,012","All","At least 35% of income","0.33867720907","ACS_B25074_B25095_1YR"
"Sonoma","2,012","All","At least 35% of income","0.36960119469","ACS_B25074_B25095_1YR"
"Alameda","2,013","All","Less than 20% of income","0.33992191133","ACS_B25074_B25095_1YR"
"Contra Costa","2,013","All","Less than 20% of income","0.36094287379","ACS_B25074_B25095_1YR"
"Marin","2,013","All","Less than 20% of income","0.35138348144","ACS_B25074_B25095_1YR"
"Napa","2,013","All","Less than 20% of income","0.31193077339","ACS_B25074_B25095_1YR"
"San Francisco","2,013","All","Less than 20% of income","0.36498272269","ACS_B25074_B25095_1YR"
"San Mateo","2,013","All","Less than 20% of income","0.36087854179","ACS_B25074_B25095_1YR"
"Santa Clara","2,013","All","Less than 20% of income","0.3771934879","ACS_B25074_B25095_1YR"
"Solano","2,013","All","Less than 20% of income","0.33530478669","ACS_B25074_B25095_1YR"
"Sonoma","2,012","Owner","20% to 34% of income","0.30793796038","ACS_B25095_1YR"
"Sonoma","2,013","All","Less than 20% of income","0.33114622534","ACS_B25074_B25095_1YR"
"Alameda","2,013","All","20% to 34% of income","0.33241012053","ACS_B25074_B25095_1YR"
"Contra Costa","2,013","All","20% to 34% of income","0.32657990142","ACS_B25074_B25095_1YR"
"Marin","2,013","All","20% to 34% of income","0.31511477001","ACS_B25074_B25095_1YR"
"Napa","2,013","All","20% to 34% of income","0.35792320173","ACS_B25074_B25095_1YR"
"San Francisco","2,013","All","20% to 34% of income","0.30874211332","ACS_B25074_B25095_1YR"
"San Mateo","2,013","All","20% to 34% of income","0.31920482923","ACS_B25074_B25095_1YR"
"Santa Clara","2,013","All","20% to 34% of income","0.31176297243","ACS_B25074_B25095_1YR"
"Solano","2,013","All","20% to 34% of income","0.32050096422","ACS_B25074_B25095_1YR"
"Sonoma","2,013","All","20% to 34% of income","0.32345700435","ACS_B25074_B25095_1YR"
"Alameda","2,013","All","At least 35% of income","0.32766796814","ACS_B25074_B25095_1YR"
"Contra Costa","2,013","All","At least 35% of income","0.31247722479","ACS_B25074_B25095_1YR"
"Marin","2,013","All","At least 35% of income","0.33350174855","ACS_B25074_B25095_1YR"
"Napa","2,013","All","At least 35% of income","0.33014602488","ACS_B25074_B25095_1YR"
"San Francisco","2,013","All","At least 35% of income","0.32627516398","ACS_B25074_B25095_1YR"
"San Mateo","2,013","All","At least 35% of income","0.31991662898","ACS_B25074_B25095_1YR"
"Santa Clara","2,013","All","At least 35% of income","0.31104353967","ACS_B25074_B25095_1YR"
"Solano","2,013","All","At least 35% of income","0.34419424909","ACS_B25074_B25095_1YR"
"Sonoma","2,013","All","At least 35% of income","0.34539677031","ACS_B25074_B25095_1YR"
"Alameda","2,014","All","Less than 20% of income","0.35134536355","ACS_B25074_B25095_1YR"
"Contra Costa","2,014","All","Less than 20% of income","0.35902500348","ACS_B25074_B25095_1YR"
"Marin","2,014","All","Less than 20% of income","0.36866892915","ACS_B25074_B25095_1YR"
"Napa","2,014","All","Less than 20% of income","0.37867032705","ACS_B25074_B25095_1YR_5YR"
"San Francisco","2,014","All","Less than 20% of income","0.37937682474","ACS_B25074_B25095_1YR"
"San Mateo","2,014","All","Less than 20% of income","0.38491522275","ACS_B25074_B25095_1YR"
"Santa Clara","2,014","All","Less than 20% of income","0.37774048851","ACS_B25074_B25095_1YR"
"Solano","2,014","All","Less than 20% of income","0.33968778567","ACS_B25074_B25095_1YR"
"Sonoma","2,014","All","Less than 20% of income","0.34550253982","ACS_B25074_B25095_1YR"
"Alameda","2,014","All","20% to 34% of income","0.33094109165","ACS_B25074_B25095_1YR"
"Contra Costa","2,014","All","20% to 34% of income","0.33143096098","ACS_B25074_B25095_1YR"
"Marin","2,014","All","20% to 34% of income","0.30061641057","ACS_B25074_B25095_1YR"
"Napa","2,014","All","20% to 34% of income","0.29446168537","ACS_B25074_B25095_1YR_5YR"
"San Francisco","2,014","All","20% to 34% of income","0.30525262719","ACS_B25074_B25095_1YR"
"San Mateo","2,014","All","20% to 34% of income","0.31097775511","ACS_B25074_B25095_1YR"
"Santa Clara","2,014","All","20% to 34% of income","0.31569805514","ACS_B25074_B25095_1YR"
"Solano","2,014","All","20% to 34% of income","0.35332255116","ACS_B25074_B25095_1YR"
"Sonoma","2,014","All","20% to 34% of income","0.32784522454","ACS_B25074_B25095_1YR"
"Alameda","2,014","All","At least 35% of income","0.3177135448","ACS_B25074_B25095_1YR"
"Contra Costa","2,014","All","At least 35% of income","0.30954403554","ACS_B25074_B25095_1YR"
"Marin","2,014","All","At least 35% of income","0.33071466028","ACS_B25074_B25095_1YR"
"Napa","2,014","All","At least 35% of income","0.32686798759","ACS_B25074_B25095_1YR_5YR"
"San Francisco","2,014","All","At least 35% of income","0.31537054807","ACS_B25074_B25095_1YR"
"San Mateo","2,014","All","At least 35% of income","0.30410702214","ACS_B25074_B25095_1YR"
"Santa Clara","2,014","All","At least 35% of income","0.30656145636","ACS_B25074_B25095_1YR"
"Solano","2,014","All","At least 35% of income","0.30698966317","ACS_B25074_B25095_1YR"
"Sonoma","2,014","All","At least 35% of income","0.32665223564","ACS_B25074_B25095_1YR"
"Alameda","2,015","All","Less than 20% of income","0.35162664373","ACS_B25074_B25095_1YR"
"Contra Costa","2,015","All","Less than 20% of income","0.36762171085","ACS_B25074_B25095_1YR"
"Marin","2,015","All","Less than 20% of income","0.3948656555","ACS_B25074_B25095_1YR"
"Napa","2,015","All","Less than 20% of income","0.3691186351","ACS_B25074_B25095_1YR_5YR"
"San Francisco","2,015","All","Less than 20% of income","0.40131460785","ACS_B25074_B25095_1YR"
"San Mateo","2,015","All","Less than 20% of income","0.36947054332","ACS_B25074_B25095_1YR"
"Santa Clara","2,015","All","Less than 20% of income","0.38893744799","ACS_B25074_B25095_1YR"
"Solano","2,015","All","Less than 20% of income","0.34247506165","ACS_B25074_B25095_1YR"
"Sonoma","2,015","All","Less than 20% of income","0.35978340548","ACS_B25074_B25095_1YR"
"Alameda","2,015","All","20% to 34% of income","0.33379789324","ACS_B25074_B25095_1YR"
"Contra Costa","2,015","All","20% to 34% of income","0.3296178261","ACS_B25074_B25095_1YR"
"Marin","2,015","All","20% to 34% of income","0.30081968004","ACS_B25074_B25095_1YR"
"Napa","2,015","All","20% to 34% of income","0.31927845756","ACS_B25074_B25095_1YR_5YR"
"San Francisco","2,015","All","20% to 34% of income","0.30819413786","ACS_B25074_B25095_1YR"
"San Mateo","2,015","All","20% to 34% of income","0.31021440035","ACS_B25074_B25095_1YR"
"Santa Clara","2,015","All","20% to 34% of income","0.31845113306","ACS_B25074_B25095_1YR"
"Solano","2,015","All","20% to 34% of income","0.33205839498","ACS_B25074_B25095_1YR"
"Sonoma","2,015","All","20% to 34% of income","0.31011862403","ACS_B25074_B25095_1YR"
"Alameda","2,015","All","At least 35% of income","0.31457546303","ACS_B25074_B25095_1YR"
"Contra Costa","2,015","All","At least 35% of income","0.30276046305","ACS_B25074_B25095_1YR"
"Marin","2,015","All","At least 35% of income","0.30431466445","ACS_B25074_B25095_1YR"
"Napa","2,015","All","At least 35% of income","0.31160290734","ACS_B25074_B25095_1YR_5YR"
"San Francisco","2,015","All","At least 35% of income","0.29049125429","ACS_B25074_B25095_1YR"
"San Mateo","2,015","All","At least 35% of income","0.32031505633","ACS_B25074_B25095_1YR"
"Santa Clara","2,015","All","At least 35% of income","0.29261141895","ACS_B25074_B25095_1YR"
"Solano","2,015","All","At least 35% of income","0.32546654338","ACS_B25074_B25095_1YR"
"Sonoma","2,015","All","At least 35% of income","0.3300979705","ACS_B25074_B25095_1YR"
"Alameda","2,016","All","Less than 20% of income","0.36562472534","ACS_B25074_B25095_1YR"
"Contra Costa","2,016","All","Less than 20% of income","0.37916643915","ACS_B25074_B25095_1YR"
"Marin","2,016","All","Less than 20% of income","0.36408296943","ACS_B25074_B25095_1YR"
"Napa","2,016","All","Less than 20% of income","0.35902571261","ACS_B25074_B25095_1YR_5YR"
"San Francisco","2,016","All","Less than 20% of income","0.42907894963","ACS_B25074_B25095_1YR"
"San Mateo","2,016","All","Less than 20% of income","0.3816023119","ACS_B25074_B25095_1YR"
"Santa Clara","2,016","All","Less than 20% of income","0.38705803483","ACS_B25074_B25095_1YR"
"Solano","2,016","All","Less than 20% of income","0.35192738514","ACS_B25074_B25095_1YR"
"Sonoma","2,016","All","Less than 20% of income","0.36775091301","ACS_B25074_B25095_1YR"
"Alameda","2,016","All","20% to 34% of income","0.33505884126","ACS_B25074_B25095_1YR"
"Contra Costa","2,016","All","20% to 34% of income","0.3105220871","ACS_B25074_B25095_1YR"
"Marin","2,016","All","20% to 34% of income","0.29622500575","ACS_B25074_B25095_1YR"
"Napa","2,016","All","20% to 34% of income","0.31975885578","ACS_B25074_B25095_1YR_5YR"
"San Francisco","2,016","All","20% to 34% of income","0.28976585215","ACS_B25074_B25095_1YR"
"San Mateo","2,016","All","20% to 34% of income","0.31538285962","ACS_B25074_B25095_1YR"
"Santa Clara","2,016","All","20% to 34% of income","0.33088004784","ACS_B25074_B25095_1YR"
"Solano","2,016","All","20% to 34% of income","0.34414430364","ACS_B25074_B25095_1YR"
"Sonoma","2,016","All","20% to 34% of income","0.30855920271","ACS_B25074_B25095_1YR"
"Alameda","2,016","All","At least 35% of income","0.2993164334","ACS_B25074_B25095_1YR"
"Contra Costa","2,016","All","At least 35% of income","0.31031147375","ACS_B25074_B25095_1YR"
"Marin","2,016","All","At least 35% of income","0.33969202482","ACS_B25074_B25095_1YR"
"Napa","2,016","All","At least 35% of income","0.32121543161","ACS_B25074_B25095_1YR_5YR"
"San Francisco","2,016","All","At least 35% of income","0.28115519822","ACS_B25074_B25095_1YR"
"San Mateo","2,016","All","At least 35% of income","0.30301482848","ACS_B25074_B25095_1YR"
"Santa Clara","2,016","All","At least 35% of income","0.28206191732","ACS_B25074_B25095_1YR"
"Solano","2,016","All","At least 35% of income","0.30392831121","ACS_B25074_B25095_1YR"
"Sonoma","2,016","All","At least 35% of income","0.32368988428","ACS_B25074_B25095_1YR"
"Alameda","2,017","All","Less than 20% of income","0.36100227807","ACS_B25074_B25095_1YR"
"Contra Costa","2,017","All","Less than 20% of income","0.36628923846","ACS_B25074_B25095_1YR"
"Marin","2,017","All","Less than 20% of income","0.36929693343","ACS_B25074_B25095_1YR"
"Napa","2,017","All","Less than 20% of income","0.38386605157","ACS_B25074_B25095_1YR_5YR"
"San Francisco","2,017","All","Less than 20% of income","0.4447685504","ACS_B25074_B25095_1YR"
"San Mateo","2,017","All","Less than 20% of income","0.38281509009","ACS_B25074_B25095_1YR"
"Santa Clara","2,017","All","Less than 20% of income","0.38838597532","ACS_B25074_B25095_1YR"
"Solano","2,017","All","Less than 20% of income","0.35979625889","ACS_B25074_B25095_1YR"
"Sonoma","2,017","All","Less than 20% of income","0.35489304089","ACS_B25074_B25095_1YR"
"Alameda","2,017","All","20% to 34% of income","0.3442625873","ACS_B25074_B25095_1YR"
"Contra Costa","2,017","All","20% to 34% of income","0.32439392315","ACS_B25074_B25095_1YR"
"Marin","2,017","All","20% to 34% of income","0.31265992206","ACS_B25074_B25095_1YR"
"Napa","2,017","All","20% to 34% of income","0.3192602356","ACS_B25074_B25095_1YR_5YR"
"San Francisco","2,017","All","20% to 34% of income","0.28914836338","ACS_B25074_B25095_1YR"
"San Mateo","2,017","All","20% to 34% of income","0.31764597035","ACS_B25074_B25095_1YR"
"Santa Clara","2,017","All","20% to 34% of income","0.32207125857","ACS_B25074_B25095_1YR"
"Solano","2,017","All","20% to 34% of income","0.3358553276","ACS_B25074_B25095_1YR"
"Sonoma","2,017","All","20% to 34% of income","0.3224316274","ACS_B25074_B25095_1YR"
"Alameda","2,017","All","At least 35% of income","0.29473513463","ACS_B25074_B25095_1YR"
"Contra Costa","2,017","All","At least 35% of income","0.30931683839","ACS_B25074_B25095_1YR"
"Marin","2,017","All","At least 35% of income","0.31804314451","ACS_B25074_B25095_1YR"
"Napa","2,017","All","At least 35% of income","0.29687371283","ACS_B25074_B25095_1YR_5YR"
"San Francisco","2,017","All","At least 35% of income","0.26608308622","ACS_B25074_B25095_1YR"
"San Mateo","2,017","All","At least 35% of income","0.29953893956","ACS_B25074_B25095_1YR"
"Santa Clara","2,017","All","At least 35% of income","0.28954276611","ACS_B25074_B25095_1YR"
"Solano","2,017","All","At least 35% of income","0.30434841351","ACS_B25074_B25095_1YR"
"Sonoma","2,017","All","At least 35% of income","0.32267533171","ACS_B25074_B25095_1YR"
"Alameda","2,018","All","Less than 20% of income","0.37661586126","ACS_B25074_B25095_1YR"
"Contra Costa","2,018","All","Less than 20% of income","0.3915150862","ACS_B25074_B25095_1YR"
"Marin","2,018","All","Less than 20% of income","0.38481675393","ACS_B25074_B25095_1YR"
"Napa","2,018","All","Less than 20% of income","0.37741023224","ACS_B25074_B25095_1YR_5YR"
"San Francisco","2,018","All","Less than 20% of income","0.45438969983","ACS_B25074_B25095_1YR"
"San Mateo","2,018","All","Less than 20% of income","0.40622673835","ACS_B25074_B25095_1YR"
"Santa Clara","2,018","All","Less than 20% of income","0.41158454151","ACS_B25074_B25095_1YR"
"Solano","2,018","All","Less than 20% of income","0.37651996126","ACS_B25074_B25095_1YR"
"Sonoma","2,018","All","Less than 20% of income","0.36627062096","ACS_B25074_B25095_1YR"
"Alameda","2,018","All","20% to 34% of income","0.32987251166","ACS_B25074_B25095_1YR"
"Contra Costa","2,018","All","20% to 34% of income","0.31964169791","ACS_B25074_B25095_1YR"
"Marin","2,018","All","20% to 34% of income","0.29688422627","ACS_B25074_B25095_1YR"
"Napa","2,018","All","20% to 34% of income","0.33541863056","ACS_B25074_B25095_1YR_5YR"
"San Francisco","2,018","All","20% to 34% of income","0.2791127019","ACS_B25074_B25095_1YR"
"San Mateo","2,018","All","20% to 34% of income","0.29073078514","ACS_B25074_B25095_1YR"
"Santa Clara","2,018","All","20% to 34% of income","0.30966638152","ACS_B25074_B25095_1YR"
"Solano","2,018","All","20% to 34% of income","0.34912030561","ACS_B25074_B25095_1YR"
"Sonoma","2,018","All","20% to 34% of income","0.31583330158","ACS_B25074_B25095_1YR"
"Alameda","2,018","All","At least 35% of income","0.29351162708","ACS_B25074_B25095_1YR"
"Contra Costa","2,018","All","At least 35% of income","0.28884321589","ACS_B25074_B25095_1YR"
"Marin","2,018","All","At least 35% of income","0.3182990198","ACS_B25074_B25095_1YR"
"Napa","2,018","All","At least 35% of income","0.2871711372","ACS_B25074_B25095_1YR_5YR"
"San Francisco","2,018","All","At least 35% of income","0.26649759827","ACS_B25074_B25095_1YR"
"San Mateo","2,018","All","At least 35% of income","0.30304247652","ACS_B25074_B25095_1YR"
"Santa Clara","2,018","All","At least 35% of income","0.27874907697","ACS_B25074_B25095_1YR"
"Solano","2,018","All","At least 35% of income","0.27435973313","ACS_B25074_B25095_1YR"
"Sonoma","2,018","All","At least 35% of income","0.31789607746","ACS_B25074_B25095_1YR"
"Alameda","2,019","All","Less than 20% of income","0.38225018688","ACS_B25074_B25095_1YR"
"Contra Costa","2,019","All","Less than 20% of income","0.41090643948","ACS_B25074_B25095_1YR"
"Marin","2,019","All","Less than 20% of income","0.37720358119","ACS_B25074_B25095_1YR_5YR"
"Napa","2,019","All","Less than 20% of income","0.38290764985","ACS_B25074_B25095_1YR_5YR"
"San Francisco","2,019","All","Less than 20% of income","0.46770349368","ACS_B25074_B25095_1YR"
"San Mateo","2,019","All","Less than 20% of income","0.44653926017","ACS_B25074_B25095_1YR"
"Santa Clara","2,019","All","Less than 20% of income","0.43714112452","ACS_B25074_B25095_1YR"
"Solano","2,019","All","Less than 20% of income","0.37486846304","ACS_B25074_B25095_1YR"
"Sonoma","2,019","All","Less than 20% of income","0.36484705781","ACS_B25074_B25095_1YR"
"Alameda","2,019","All","20% to 34% of income","0.32656094539","ACS_B25074_B25095_1YR"
"Contra Costa","2,019","All","20% to 34% of income","0.3058612838","ACS_B25074_B25095_1YR"
"Marin","2,019","All","20% to 34% of income","0.29480450026","ACS_B25074_B25095_1YR_5YR"
"Napa","2,019","All","20% to 34% of income","0.30358736021","ACS_B25074_B25095_1YR_5YR"
"San Francisco","2,019","All","20% to 34% of income","0.29327793608","ACS_B25074_B25095_1YR"
"San Mateo","2,019","All","20% to 34% of income","0.27937783588","ACS_B25074_B25095_1YR"
"Santa Clara","2,019","All","20% to 34% of income","0.2955033574","ACS_B25074_B25095_1YR"
"Solano","2,019","All","20% to 34% of income","0.34861538253","ACS_B25074_B25095_1YR"
"Sonoma","2,019","All","20% to 34% of income","0.33341074052","ACS_B25074_B25095_1YR"
"Alameda","2,019","All","At least 35% of income","0.29118886773","ACS_B25074_B25095_1YR"
"Contra Costa","2,019","All","At least 35% of income","0.28323227672","ACS_B25074_B25095_1YR"
"Marin","2,019","All","At least 35% of income","0.32799191855","ACS_B25074_B25095_1YR_5YR"
"Napa","2,019","All","At least 35% of income","0.31350498994","ACS_B25074_B25095_1YR_5YR"
"San Francisco","2,019","All","At least 35% of income","0.23901857025","ACS_B25074_B25095_1YR"
"San Mateo","2,019","All","At least 35% of income","0.27408290395","ACS_B25074_B25095_1YR"
"Santa Clara","2,019","All","At least 35% of income","0.26735551808","ACS_B25074_B25095_1YR"
"Solano","2,019","All","At least 35% of income","0.27651615444","ACS_B25074_B25095_1YR"
"Sonoma","2,019","All","At least 35% of income","0.30174220168","ACS_B25074_B25095_1YR"
"Alameda","2,020","All","Less than 20% of income","0.37870962672","ACS_B25074_B25095_5YR"
"Contra Costa","2,020","All","Less than 20% of income","0.38944649579","ACS_B25074_B25095_5YR"
"Marin","2,020","All","Less than 20% of income","0.37558123699","ACS_B25074_B25095_5YR"
"Napa","2,020","All","Less than 20% of income","0.38627243928","ACS_B25074_B25095_5YR"
"San Francisco","2,020","All","Less than 20% of income","0.44192209369","ACS_B25074_B25095_5YR"
"San Mateo","2,020","All","Less than 20% of income","0.40544368257","ACS_B25074_B25095_5YR"
"Santa Clara","2,020","All","Less than 20% of income","0.4103011274","ACS_B25074_B25095_5YR"
"Solano","2,020","All","Less than 20% of income","0.37582966286","ACS_B25074_B25095_5YR"
"Sonoma","2,020","All","Less than 20% of income","0.36367438273","ACS_B25074_B25095_5YR"
"Alameda","2,020","All","20% to 34% of income","0.32632750079","ACS_B25074_B25095_5YR"
"Contra Costa","2,020","All","20% to 34% of income","0.31601321174","ACS_B25074_B25095_5YR"
"Marin","2,020","All","20% to 34% of income","0.30418879745","ACS_B25074_B25095_5YR"
"Napa","2,020","All","20% to 34% of income","0.31009503696","ACS_B25074_B25095_5YR"
"San Francisco","2,020","All","20% to 34% of income","0.28795939271","ACS_B25074_B25095_5YR"
"San Mateo","2,020","All","20% to 34% of income","0.29762254864","ACS_B25074_B25095_5YR"
"Santa Clara","2,020","All","20% to 34% of income","0.3121014101","ACS_B25074_B25095_5YR"
"Solano","2,020","All","20% to 34% of income","0.33560666031","ACS_B25074_B25095_5YR"
"Sonoma","2,020","All","20% to 34% of income","0.31722047817","ACS_B25074_B25095_5YR"
"Alameda","2,020","All","At least 35% of income","0.29496287248","ACS_B25074_B25095_5YR"
"Contra Costa","2,020","All","At least 35% of income","0.29454029247","ACS_B25074_B25095_5YR"
"Marin","2,020","All","At least 35% of income","0.32022996556","ACS_B25074_B25095_5YR"
"Napa","2,020","All","At least 35% of income","0.30363252376","ACS_B25074_B25095_5YR"
"San Francisco","2,020","All","At least 35% of income","0.2701185136","ACS_B25074_B25095_5YR"
"San Mateo","2,020","All","At least 35% of income","0.29693376879","ACS_B25074_B25095_5YR"
"Santa Clara","2,020","All","At least 35% of income","0.2775974625","ACS_B25074_B25095_5YR"
"Solano","2,020","All","At least 35% of income","0.28856367684","ACS_B25074_B25095_5YR"
"Sonoma","2,020","All","At least 35% of income","0.3191051391","ACS_B25074_B25095_5YR"
"Alameda","2,021","All","Less than 20% of income","0.39040097311","ACS_B25074_B25095_1YR"
"Contra Costa","2,021","All","Less than 20% of income","0.38264869199","ACS_B25074_B25095_1YR"
"Marin","2,021","All","Less than 20% of income","0.36017021107","ACS_B25074_B25095_1YR"
"Napa","2,021","All","Less than 20% of income","0.39205110007","ACS_B25074_B25095_1YR_5YR"
"San Francisco","2,021","All","Less than 20% of income","0.41783711992","ACS_B25074_B25095_1YR"
"San Mateo","2,021","All","Less than 20% of income","0.40481935177","ACS_B25074_B25095_1YR"
"Santa Clara","2,021","All","Less than 20% of income","0.43459768611","ACS_B25074_B25095_1YR"
"Solano","2,021","All","Less than 20% of income","0.34886303852","ACS_B25074_B25095_1YR"
"Sonoma","2,021","All","Less than 20% of income","0.36466631453","ACS_B25074_B25095_1YR"
"Alameda","2,021","All","20% to 34% of income","0.30474651375","ACS_B25074_B25095_1YR"
"Contra Costa","2,021","All","20% to 34% of income","0.2983719031","ACS_B25074_B25095_1YR"
"Marin","2,021","All","20% to 34% of income","0.28887934393","ACS_B25074_B25095_1YR"
"Napa","2,021","All","20% to 34% of income","0.29777958025","ACS_B25074_B25095_1YR_5YR"
"San Francisco","2,021","All","20% to 34% of income","0.28652401829","ACS_B25074_B25095_1YR"
"San Mateo","2,021","All","20% to 34% of income","0.28178336154","ACS_B25074_B25095_1YR"
"Santa Clara","2,021","All","20% to 34% of income","0.2939277331","ACS_B25074_B25095_1YR"
"Solano","2,021","All","20% to 34% of income","0.3130297539","ACS_B25074_B25095_1YR"
"Sonoma","2,021","All","20% to 34% of income","0.32287882544","ACS_B25074_B25095_1YR"
"Alameda","2,021","All","At least 35% of income","0.30485251314","ACS_B25074_B25095_1YR"
"Contra Costa","2,021","All","At least 35% of income","0.31897940491","ACS_B25074_B25095_1YR"
"Marin","2,021","All","At least 35% of income","0.35095044501","ACS_B25074_B25095_1YR"
"Napa","2,021","All","At least 35% of income","0.31016931968","ACS_B25074_B25095_1YR_5YR"
"San Francisco","2,021","All","At least 35% of income","0.29563886179","ACS_B25074_B25095_1YR"
"San Mateo","2,021","All","At least 35% of income","0.31339728669","ACS_B25074_B25095_1YR"
"Santa Clara","2,021","All","At least 35% of income","0.27147458079","ACS_B25074_B25095_1YR"
"Solano","2,021","All","At least 35% of income","0.33810720758","ACS_B25074_B25095_1YR"
"Sonoma","2,021","All","At least 35% of income","0.31245486003","ACS_B25074_B25095_1YR"
"Alameda","2,022","All","Less than 20% of income","0.3942604902","ACS_B25074_B25095_1YR"
"Contra Costa","2,022","All","Less than 20% of income","0.38622819427","ACS_B25074_B25095_1YR"
"Marin","2,022","All","Less than 20% of income","0.37468824881","ACS_B25074_B25095_1YR_5YR"
"Napa","2,022","All","Less than 20% of income","0.36793720091","ACS_B25074_B25095_1YR_5YR"
"San Francisco","2,022","All","Less than 20% of income","0.43714890244","ACS_B25074_B25095_1YR"
"San Mateo","2,022","All","Less than 20% of income","0.41121773414","ACS_B25074_B25095_1YR"
"Santa Clara","2,022","All","Less than 20% of income","0.43861776909","ACS_B25074_B25095_1YR"
"Solano","2,022","All","Less than 20% of income","0.36410927448","ACS_B25074_B25095_1YR"
"Sonoma","2,022","All","Less than 20% of income","0.37630862948","ACS_B25074_B25095_1YR"
"Alameda","2,022","All","20% to 34% of income","0.29590518018","ACS_B25074_B25095_1YR"
"Contra Costa","2,022","All","20% to 34% of income","0.29773107048","ACS_B25074_B25095_1YR"
"Marin","2,022","All","20% to 34% of income","0.30258692357","ACS_B25074_B25095_1YR_5YR"
"Napa","2,022","All","20% to 34% of income","0.29768701201","ACS_B25074_B25095_1YR_5YR"
"San Francisco","2,022","All","20% to 34% of income","0.29506453066","ACS_B25074_B25095_1YR"
"San Mateo","2,022","All","20% to 34% of income","0.27663781189","ACS_B25074_B25095_1YR"
"Santa Clara","2,022","All","20% to 34% of income","0.28579235398","ACS_B25074_B25095_1YR"
"Solano","2,022","All","20% to 34% of income","0.29453948339","ACS_B25074_B25095_1YR"
"Sonoma","2,022","All","20% to 34% of income","0.30938438714","ACS_B25074_B25095_1YR"
"Alameda","2,022","All","At least 35% of income","0.30983432962","ACS_B25074_B25095_1YR"
"Contra Costa","2,022","All","At least 35% of income","0.31604073525","ACS_B25074_B25095_1YR"
"Marin","2,022","All","At least 35% of income","0.32272482762","ACS_B25074_B25095_1YR_5YR"
"Napa","2,022","All","At least 35% of income","0.33437578709","ACS_B25074_B25095_1YR_5YR"
"San Francisco","2,022","All","At least 35% of income","0.2677865669","ACS_B25074_B25095_1YR"
"San Mateo","2,022","All","At least 35% of income","0.31214445397","ACS_B25074_B25095_1YR"
"Santa Clara","2,022","All","At least 35% of income","0.27558987693","ACS_B25074_B25095_1YR"
"Solano","2,022","All","At least 35% of income","0.34135124213","ACS_B25074_B25095_1YR"
"Sonoma","2,022","All","At least 35% of income","0.31430698338","ACS_B25074_B25095_1YR"
"Alameda","2,023","All","Less than 20% of income","0.37614855422","ACS_B25074_B25095_1YR"
"Contra Costa","2,023","All","Less than 20% of income","0.37960456991","ACS_B25074_B25095_1YR"
"Marin","2,023","All","Less than 20% of income","0.35674342916","ACS_B25074_B25095_1YR_5YR"
"Napa","2,023","All","Less than 20% of income","0.37642130461","ACS_B25074_B25095_1YR_5YR"
"San Francisco","2,023","All","Less than 20% of income","0.42237021316","ACS_B25074_B25095_1YR"
"San Mateo","2,023","All","Less than 20% of income","0.41907747356","ACS_B25074_B25095_1YR"
"Santa Clara","2,023","All","Less than 20% of income","0.43081440348","ACS_B25074_B25095_1YR"
"Solano","2,023","All","Less than 20% of income","0.34846544005","ACS_B25074_B25095_1YR"
"Sonoma","2,023","All","Less than 20% of income","0.36749107205","ACS_B25074_B25095_1YR"
"Alameda","2,023","All","20% to 34% of income","0.29489741495","ACS_B25074_B25095_1YR"
"Contra Costa","2,023","All","20% to 34% of income","0.3077406405","ACS_B25074_B25095_1YR"
"Marin","2,023","All","20% to 34% of income","0.30027121653","ACS_B25074_B25095_1YR_5YR"
"Napa","2,023","All","20% to 34% of income","0.29827276667","ACS_B25074_B25095_1YR_5YR"
"San Francisco","2,023","All","20% to 34% of income","0.28950703421","ACS_B25074_B25095_1YR"
"San Mateo","2,023","All","20% to 34% of income","0.28333969532","ACS_B25074_B25095_1YR"
"Santa Clara","2,023","All","20% to 34% of income","0.2888865683","ACS_B25074_B25095_1YR"
"Solano","2,023","All","20% to 34% of income","0.32097016277","ACS_B25074_B25095_1YR"
"Sonoma","2,023","All","20% to 34% of income","0.30046356171","ACS_B25074_B25095_1YR"
"Alameda","2,023","All","At least 35% of income","0.32895403083","ACS_B25074_B25095_1YR"
"Contra Costa","2,023","All","At least 35% of income","0.31265478958","ACS_B25074_B25095_1YR"
"Marin","2,023","All","At least 35% of income","0.34298535431","ACS_B25074_B25095_1YR_5YR"
"Napa","2,023","All","At least 35% of income","0.32530592872","ACS_B25074_B25095_1YR_5YR"
"San Francisco","2,023","All","At least 35% of income","0.28812275263","ACS_B25074_B25095_1YR"
"San Mateo","2,023","All","At least 35% of income","0.29758283112","ACS_B25074_B25095_1YR"
"Santa Clara","2,023","All","At least 35% of income","0.28029902822","ACS_B25074_B25095_1YR"
"Solano","2,023","All","At least 35% of income","0.33056439717","ACS_B25074_B25095_1YR"
"Sonoma","2,023","All","At least 35% of income","0.33204536625","ACS_B25074_B25095_1YR"
"Alameda","2,024","All","Less than 20% of income","0.38395407814","ACS_B25074_B25095_1YR"
"Contra Costa","2,024","All","Less than 20% of income","0.3777154665","ACS_B25074_B25095_1YR"
"Marin","2,024","All","Less than 20% of income","0.39109249869","ACS_B25074_B25095_1YR_5YR"
"Napa","2,024","All","Less than 20% of income","0.38678642797","ACS_B25074_B25095_5YR"
"San Francisco","2,024","All","Less than 20% of income","0.42418501394","ACS_B25074_B25095_1YR"
"San Mateo","2,024","All","Less than 20% of income","0.43812324854","ACS_B25074_B25095_1YR"
"Santa Clara","2,024","All","Less than 20% of income","0.44376117712","ACS_B25074_B25095_1YR"
"Solano","2,024","All","Less than 20% of income","0.34708816224","ACS_B25074_B25095_1YR_5YR"
"Sonoma","2,024","All","Less than 20% of income","0.37561573076","ACS_B25074_B25095_1YR"
"Alameda","2,024","All","20% to 34% of income","0.29860737543","ACS_B25074_B25095_1YR"
"Contra Costa","2,024","All","20% to 34% of income","0.29709291817","ACS_B25074_B25095_1YR"
"Marin","2,024","All","20% to 34% of income","0.27267314353","ACS_B25074_B25095_1YR_5YR"
"Napa","2,024","All","20% to 34% of income","0.29154735172","ACS_B25074_B25095_5YR"
"San Francisco","2,024","All","20% to 34% of income","0.28847084745","ACS_B25074_B25095_1YR"
"San Mateo","2,024","All","20% to 34% of income","0.27914981864","ACS_B25074_B25095_1YR"
"Santa Clara","2,024","All","20% to 34% of income","0.27044211821","ACS_B25074_B25095_1YR"
"Solano","2,024","All","20% to 34% of income","0.30086903813","ACS_B25074_B25095_1YR_5YR"
"Sonoma","2,024","All","20% to 34% of income","0.30846979258","ACS_B25074_B25095_1YR"
"Alameda","2,024","All","At least 35% of income","0.31743854643","ACS_B25074_B25095_1YR"
"Contra Costa","2,024","All","At least 35% of income","0.32519161533","ACS_B25074_B25095_1YR"
"Marin","2,024","All","At least 35% of income","0.33623435779","ACS_B25074_B25095_1YR_5YR"
"Napa","2,024","All","At least 35% of income","0.32166622031","ACS_B25074_B25095_5YR"
"San Francisco","2,024","All","At least 35% of income","0.28734413861","ACS_B25074_B25095_1YR"
"San Mateo","2,024","All","At least 35% of income","0.28272693282","ACS_B25074_B25095_1YR"
"Santa Clara","2,024","All","At least 35% of income","0.28579670467","ACS_B25074_B25095_1YR"
"Solano","2,024","All","At least 35% of income","0.35204279963","ACS_B25074_B25095_1YR_5YR"
"Sonoma","2,024","All","At least 35% of income","0.31591447666","ACS_B25074_B25095_1YR"
"Alameda","2,009","Owner","Less than 20% of income","0.35022133013","ACS_B25095_1YR"
"Contra Costa","2,009","Owner","Less than 20% of income","0.34605021656","ACS_B25095_1YR"
"Marin","2,009","Owner","Less than 20% of income","0.40491976554","ACS_B25095_1YR"
"Napa","2,009","Owner","Less than 20% of income","0.43553716357","ACS_B25095_1YR"
"San Francisco","2,009","Owner","Less than 20% of income","0.41437966672","ACS_B25095_1YR"
"San Mateo","2,009","Owner","Less than 20% of income","0.37515546653","ACS_B25095_1YR"
"Santa Clara","2,009","Owner","Less than 20% of income","0.36329120932","ACS_B25095_1YR"
"Solano","2,009","Owner","Less than 20% of income","0.34189339104","ACS_B25095_1YR"
"Sonoma","2,009","Owner","Less than 20% of income","0.33248318823","ACS_B25095_1YR"
"Alameda","2,009","Owner","20% to 34% of income","0.32765461747","ACS_B25095_1YR"
"Contra Costa","2,009","Owner","20% to 34% of income","0.31037109367","ACS_B25095_1YR"
"Marin","2,009","Owner","20% to 34% of income","0.28325486051","ACS_B25095_1YR"
"Napa","2,009","Owner","20% to 34% of income","0.2953517467","ACS_B25095_1YR"
"San Francisco","2,009","Owner","20% to 34% of income","0.26726169873","ACS_B25095_1YR"
"San Mateo","2,009","Owner","20% to 34% of income","0.29242108846","ACS_B25095_1YR"
"Santa Clara","2,009","Owner","20% to 34% of income","0.31242187341","ACS_B25095_1YR"
"Solano","2,009","Owner","20% to 34% of income","0.32006853904","ACS_B25095_1YR"
"Sonoma","2,009","Owner","20% to 34% of income","0.32558416895","ACS_B25095_1YR"
"Alameda","2,009","Owner","At least 35% of income","0.3221240524","ACS_B25095_1YR"
"Contra Costa","2,009","Owner","At least 35% of income","0.34357868977","ACS_B25095_1YR"
"Marin","2,009","Owner","At least 35% of income","0.31182537395","ACS_B25095_1YR"
"Napa","2,009","Owner","At least 35% of income","0.26911108973","ACS_B25095_1YR"
"San Francisco","2,009","Owner","At least 35% of income","0.31835863456","ACS_B25095_1YR"
"San Mateo","2,009","Owner","At least 35% of income","0.33242344501","ACS_B25095_1YR"
"Santa Clara","2,009","Owner","At least 35% of income","0.32428691727","ACS_B25095_1YR"
"Solano","2,009","Owner","At least 35% of income","0.33803806992","ACS_B25095_1YR"
"Sonoma","2,009","Owner","At least 35% of income","0.34193264282","ACS_B25095_1YR"
"Alameda","2,010","Owner","Less than 20% of income","0.36308668477","ACS_B25095_1YR"
"Contra Costa","2,010","Owner","Less than 20% of income","0.33826889152","ACS_B25095_1YR"
"Marin","2,010","Owner","Less than 20% of income","0.34707935202","ACS_B25095_1YR"
"Napa","2,010","Owner","Less than 20% of income","0.34107021463","ACS_B25095_1YR"
"San Francisco","2,010","Owner","Less than 20% of income","0.39628424615","ACS_B25095_1YR"
"San Mateo","2,010","Owner","Less than 20% of income","0.35638294355","ACS_B25095_1YR"
"Santa Clara","2,010","Owner","Less than 20% of income","0.37520083418","ACS_B25095_1YR"
"Solano","2,010","Owner","Less than 20% of income","0.35006346701","ACS_B25095_1YR"
"Sonoma","2,010","Owner","Less than 20% of income","0.34854643497","ACS_B25095_1YR"
"Alameda","2,010","Owner","20% to 34% of income","0.32217729044","ACS_B25095_1YR"
"Contra Costa","2,010","Owner","20% to 34% of income","0.34761395232","ACS_B25095_1YR"
"Marin","2,010","Owner","20% to 34% of income","0.27812066627","ACS_B25095_1YR"
"Napa","2,010","Owner","20% to 34% of income","0.34508432877","ACS_B25095_1YR"
"San Francisco","2,010","Owner","20% to 34% of income","0.29692429992","ACS_B25095_1YR"
"San Mateo","2,010","Owner","20% to 34% of income","0.30808852214","ACS_B25095_1YR"
"Santa Clara","2,010","Owner","20% to 34% of income","0.31608288907","ACS_B25095_1YR"
"Solano","2,010","Owner","20% to 34% of income","0.32554575915","ACS_B25095_1YR"
"Sonoma","2,010","Owner","20% to 34% of income","0.30159769394","ACS_B25095_1YR"
"Alameda","2,010","Owner","At least 35% of income","0.31473602479","ACS_B25095_1YR"
"Contra Costa","2,010","Owner","At least 35% of income","0.31411715616","ACS_B25095_1YR"
"Marin","2,010","Owner","At least 35% of income","0.37479998171","ACS_B25095_1YR"
"Napa","2,010","Owner","At least 35% of income","0.31384545661","ACS_B25095_1YR"
"San Francisco","2,010","Owner","At least 35% of income","0.30679145393","ACS_B25095_1YR"
"San Mateo","2,010","Owner","At least 35% of income","0.33552853431","ACS_B25095_1YR"
"Santa Clara","2,010","Owner","At least 35% of income","0.30871627675","ACS_B25095_1YR"
"Solano","2,010","Owner","At least 35% of income","0.32439077384","ACS_B25095_1YR"
"Sonoma","2,010","Owner","At least 35% of income","0.34985587109","ACS_B25095_1YR"
"Alameda","2,011","Owner","Less than 20% of income","0.36040220853","ACS_B25095_1YR"
"Contra Costa","2,011","Owner","Less than 20% of income","0.34100160129","ACS_B25095_1YR"
"Marin","2,011","Owner","Less than 20% of income","0.35834780866","ACS_B25095_1YR"
"Napa","2,011","Owner","Less than 20% of income","0.39812550937","ACS_B25095_1YR"
"San Francisco","2,011","Owner","Less than 20% of income","0.39545691311","ACS_B25095_1YR"
"San Mateo","2,011","Owner","Less than 20% of income","0.40018519382","ACS_B25095_1YR"
"Santa Clara","2,011","Owner","Less than 20% of income","0.40079723687","ACS_B25095_1YR"
"Solano","2,011","Owner","Less than 20% of income","0.38215582894","ACS_B25095_1YR"
"Sonoma","2,011","Owner","Less than 20% of income","0.37551769578","ACS_B25095_1YR"
"Alameda","2,011","Owner","20% to 34% of income","0.33663407646","ACS_B25095_1YR"
"Contra Costa","2,011","Owner","20% to 34% of income","0.34943588114","ACS_B25095_1YR"
"Marin","2,011","Owner","20% to 34% of income","0.3153393907","ACS_B25095_1YR"
"Napa","2,011","Owner","20% to 34% of income","0.30165962807","ACS_B25095_1YR"
"San Francisco","2,011","Owner","20% to 34% of income","0.26468242341","ACS_B25095_1YR"
"San Mateo","2,011","Owner","20% to 34% of income","0.29033461459","ACS_B25095_1YR"
"Santa Clara","2,011","Owner","20% to 34% of income","0.31844436451","ACS_B25095_1YR"
"Solano","2,011","Owner","20% to 34% of income","0.32076157001","ACS_B25095_1YR"
"Sonoma","2,011","Owner","20% to 34% of income","0.32672251506","ACS_B25095_1YR"
"Alameda","2,011","Owner","At least 35% of income","0.302963715","ACS_B25095_1YR"
"Contra Costa","2,011","Owner","At least 35% of income","0.30956251757","ACS_B25095_1YR"
"Marin","2,011","Owner","At least 35% of income","0.32631280064","ACS_B25095_1YR"
"Napa","2,011","Owner","At least 35% of income","0.30021486256","ACS_B25095_1YR"
"San Francisco","2,011","Owner","At least 35% of income","0.33986066348","ACS_B25095_1YR"
"San Mateo","2,011","Owner","At least 35% of income","0.30948019159","ACS_B25095_1YR"
"Santa Clara","2,011","Owner","At least 35% of income","0.28075839862","ACS_B25095_1YR"
"Solano","2,011","Owner","At least 35% of income","0.29708260105","ACS_B25095_1YR"
"Sonoma","2,011","Owner","At least 35% of income","0.29775978916","ACS_B25095_1YR"
"Alameda","2,012","Owner","Less than 20% of income","0.41325714848","ACS_B25095_1YR"
"Contra Costa","2,012","Owner","Less than 20% of income","0.37929319501","ACS_B25095_1YR"
"Marin","2,012","Owner","Less than 20% of income","0.43973501617","ACS_B25095_1YR"
"Napa","2,012","Owner","Less than 20% of income","0.38599820578","ACS_B25095_1YR"
"San Francisco","2,012","Owner","Less than 20% of income","0.41264162676","ACS_B25095_1YR"
"San Mateo","2,012","Owner","Less than 20% of income","0.40546268113","ACS_B25095_1YR"
"Santa Clara","2,012","Owner","Less than 20% of income","0.41603921488","ACS_B25095_1YR"
"Solano","2,012","Owner","Less than 20% of income","0.39363255651","ACS_B25095_1YR"
"Sonoma","2,012","Owner","Less than 20% of income","0.39510454317","ACS_B25095_1YR"
"Alameda","2,012","Owner","20% to 34% of income","0.3256199683","ACS_B25095_1YR"
"Contra Costa","2,012","Owner","20% to 34% of income","0.3346636963","ACS_B25095_1YR"
"Marin","2,012","Owner","20% to 34% of income","0.27656902452","ACS_B25095_1YR"
"Napa","2,012","Owner","20% to 34% of income","0.32395969912","ACS_B25095_1YR"
"San Francisco","2,012","Owner","20% to 34% of income","0.2946724919","ACS_B25095_1YR"
"San Mateo","2,012","Owner","20% to 34% of income","0.2890145712","ACS_B25095_1YR"
"Santa Clara","2,012","Owner","20% to 34% of income","0.32925672145","ACS_B25095_1YR"
"Solano","2,012","Owner","20% to 34% of income","0.36531939801","ACS_B25095_1YR"
"Alameda","2,012","Owner","At least 35% of income","0.26112288322","ACS_B25095_1YR"
"Contra Costa","2,012","Owner","At least 35% of income","0.28604310869","ACS_B25095_1YR"
"Marin","2,012","Owner","At least 35% of income","0.28369595931","ACS_B25095_1YR"
"Napa","2,012","Owner","At least 35% of income","0.29004209509","ACS_B25095_1YR"
"San Francisco","2,012","Owner","At least 35% of income","0.29268588134","ACS_B25095_1YR"
"San Mateo","2,012","Owner","At least 35% of income","0.30552274767","ACS_B25095_1YR"
"Santa Clara","2,012","Owner","At least 35% of income","0.25470406367","ACS_B25095_1YR"
"Solano","2,012","Owner","At least 35% of income","0.24104804547","ACS_B25095_1YR"
"Sonoma","2,012","Owner","At least 35% of income","0.29695749645","ACS_B25095_1YR"
"Alameda","2,013","Owner","Less than 20% of income","0.44163614973","ACS_B25095_1YR"
"Contra Costa","2,013","Owner","Less than 20% of income","0.4446990752","ACS_B25095_1YR"
"Marin","2,013","Owner","Less than 20% of income","0.41899093055","ACS_B25095_1YR"
"Napa","2,013","Owner","Less than 20% of income","0.40101954121","ACS_B25095_1YR"
"San Francisco","2,013","Owner","Less than 20% of income","0.46430689194","ACS_B25095_1YR"
"San Mateo","2,013","Owner","Less than 20% of income","0.44382156412","ACS_B25095_1YR"
"Santa Clara","2,013","Owner","Less than 20% of income","0.45605861564","ACS_B25095_1YR"
"Solano","2,013","Owner","Less than 20% of income","0.44854072493","ACS_B25095_1YR"
"Sonoma","2,013","Owner","Less than 20% of income","0.43475928536","ACS_B25095_1YR"
"Alameda","2,013","Owner","20% to 34% of income","0.32143492999","ACS_B25095_1YR"
"Contra Costa","2,013","Owner","20% to 34% of income","0.31625546508","ACS_B25095_1YR"
"Marin","2,013","Owner","20% to 34% of income","0.29492793421","ACS_B25095_1YR"
"Napa","2,013","Owner","20% to 34% of income","0.31140186916","ACS_B25095_1YR"
"San Francisco","2,013","Owner","20% to 34% of income","0.27136882219","ACS_B25095_1YR"
"San Mateo","2,013","Owner","20% to 34% of income","0.29757141108","ACS_B25095_1YR"
"Santa Clara","2,013","Owner","20% to 34% of income","0.30572670836","ACS_B25095_1YR"
"Solano","2,013","Owner","20% to 34% of income","0.31347876388","ACS_B25095_1YR"
"Sonoma","2,013","Owner","20% to 34% of income","0.30560530981","ACS_B25095_1YR"
"Alameda","2,013","Owner","At least 35% of income","0.23692892028","ACS_B25095_1YR"
"Contra Costa","2,013","Owner","At least 35% of income","0.23904545972","ACS_B25095_1YR"
"Marin","2,013","Owner","At least 35% of income","0.28608113524","ACS_B25095_1YR"
"Napa","2,013","Owner","At least 35% of income","0.28757858963","ACS_B25095_1YR"
"San Francisco","2,013","Owner","At least 35% of income","0.26432428586","ACS_B25095_1YR"
"San Mateo","2,013","Owner","At least 35% of income","0.2586070248","ACS_B25095_1YR"
"Santa Clara","2,013","Owner","At least 35% of income","0.238214676","ACS_B25095_1YR"
"Solano","2,013","Owner","At least 35% of income","0.23798051119","ACS_B25095_1YR"
"Sonoma","2,013","Owner","At least 35% of income","0.25963540483","ACS_B25095_1YR"
"Alameda","2,014","Owner","Less than 20% of income","0.45979062452","ACS_B25095_1YR"
"Contra Costa","2,014","Owner","Less than 20% of income","0.44027085833","ACS_B25095_1YR"
"Marin","2,014","Owner","Less than 20% of income","0.44982282966","ACS_B25095_1YR"
"Napa","2,014","Owner","Less than 20% of income","0.4774488189","ACS_B25095_1YR"
"San Francisco","2,014","Owner","Less than 20% of income","0.47904196154","ACS_B25095_1YR"
"San Mateo","2,014","Owner","Less than 20% of income","0.47295848016","ACS_B25095_1YR"
"Santa Clara","2,014","Owner","Less than 20% of income","0.47121635772","ACS_B25095_1YR"
"Solano","2,014","Owner","Less than 20% of income","0.43948801223","ACS_B25095_1YR"
"Sonoma","2,014","Owner","Less than 20% of income","0.45315275511","ACS_B25095_1YR"
"Alameda","2,014","Owner","20% to 34% of income","0.31115122136","ACS_B25095_1YR"
"Contra Costa","2,014","Owner","20% to 34% of income","0.32636395063","ACS_B25095_1YR"
"Marin","2,014","Owner","20% to 34% of income","0.28998987598","ACS_B25095_1YR"
"Napa","2,014","Owner","20% to 34% of income","0.26381102362","ACS_B25095_1YR"
"San Francisco","2,014","Owner","20% to 34% of income","0.26612768795","ACS_B25095_1YR"
"San Mateo","2,014","Owner","20% to 34% of income","0.29736679079","ACS_B25095_1YR"
"Santa Clara","2,014","Owner","20% to 34% of income","0.29085401636","ACS_B25095_1YR"
"Solano","2,014","Owner","20% to 34% of income","0.33521587544","ACS_B25095_1YR"
"Sonoma","2,014","Owner","20% to 34% of income","0.3003886279","ACS_B25095_1YR"
"Alameda","2,014","Owner","At least 35% of income","0.22905815413","ACS_B25095_1YR"
"Contra Costa","2,014","Owner","At least 35% of income","0.23336519104","ACS_B25095_1YR"
"Marin","2,014","Owner","At least 35% of income","0.26018729436","ACS_B25095_1YR"
"Napa","2,014","Owner","At least 35% of income","0.25874015748","ACS_B25095_1YR"
"San Francisco","2,014","Owner","At least 35% of income","0.25483035051","ACS_B25095_1YR"
"San Mateo","2,014","Owner","At least 35% of income","0.22967472905","ACS_B25095_1YR"
"Santa Clara","2,014","Owner","At least 35% of income","0.23792962592","ACS_B25095_1YR"
"Solano","2,014","Owner","At least 35% of income","0.22529611233","ACS_B25095_1YR"
"Sonoma","2,014","Owner","At least 35% of income","0.24645861699","ACS_B25095_1YR"
"Alameda","2,015","Owner","Less than 20% of income","0.46299502671","ACS_B25095_1YR"
"Contra Costa","2,015","Owner","Less than 20% of income","0.44911712737","ACS_B25095_1YR"
"Marin","2,015","Owner","Less than 20% of income","0.46070295156","ACS_B25095_1YR"
"Napa","2,015","Owner","Less than 20% of income","0.46534459061","ACS_B25095_1YR"
"San Francisco","2,015","Owner","Less than 20% of income","0.47989540095","ACS_B25095_1YR"
"San Mateo","2,015","Owner","Less than 20% of income","0.45692417345","ACS_B25095_1YR"
"Santa Clara","2,015","Owner","Less than 20% of income","0.47632668998","ACS_B25095_1YR"
"Solano","2,015","Owner","Less than 20% of income","0.44399176013","ACS_B25095_1YR"
"Sonoma","2,015","Owner","Less than 20% of income","0.46139749821","ACS_B25095_1YR"
"Alameda","2,015","Owner","20% to 34% of income","0.31085584152","ACS_B25095_1YR"
"Contra Costa","2,015","Owner","20% to 34% of income","0.31842713646","ACS_B25095_1YR"
"Marin","2,015","Owner","20% to 34% of income","0.2735819539","ACS_B25095_1YR"
"Napa","2,015","Owner","20% to 34% of income","0.30217946201","ACS_B25095_1YR"
"San Francisco","2,015","Owner","20% to 34% of income","0.28105481211","ACS_B25095_1YR"
"San Mateo","2,015","Owner","20% to 34% of income","0.2872984583","ACS_B25095_1YR"
"Santa Clara","2,015","Owner","20% to 34% of income","0.30612897385","ACS_B25095_1YR"
"Solano","2,015","Owner","20% to 34% of income","0.3408331426","ACS_B25095_1YR"
"Sonoma","2,015","Owner","20% to 34% of income","0.2834479767","ACS_B25095_1YR"
"Alameda","2,015","Owner","At least 35% of income","0.22614913177","ACS_B25095_1YR"
"Contra Costa","2,015","Owner","At least 35% of income","0.23245573617","ACS_B25095_1YR"
"Marin","2,015","Owner","At least 35% of income","0.26571509454","ACS_B25095_1YR"
"Napa","2,015","Owner","At least 35% of income","0.23247594738","ACS_B25095_1YR"
"San Francisco","2,015","Owner","At least 35% of income","0.23904978694","ACS_B25095_1YR"
"San Mateo","2,015","Owner","At least 35% of income","0.25577736826","ACS_B25095_1YR"
"Santa Clara","2,015","Owner","At least 35% of income","0.21754433617","ACS_B25095_1YR"
"Solano","2,015","Owner","At least 35% of income","0.21517509728","ACS_B25095_1YR"
"Sonoma","2,015","Owner","At least 35% of income","0.25515452509","ACS_B25095_1YR"
"Alameda","2,016","Owner","Less than 20% of income","0.46805503204","ACS_B25095_1YR"
"Contra Costa","2,016","Owner","Less than 20% of income","0.45716532464","ACS_B25095_1YR"
"Marin","2,016","Owner","Less than 20% of income","0.42840256414","ACS_B25095_1YR"
"Napa","2,016","Owner","Less than 20% of income","0.43947893886","ACS_B25095_1YR"
"San Francisco","2,016","Owner","Less than 20% of income","0.50324292671","ACS_B25095_1YR"
"San Mateo","2,016","Owner","Less than 20% of income","0.46673272841","ACS_B25095_1YR"
"Santa Clara","2,016","Owner","Less than 20% of income","0.48180898382","ACS_B25095_1YR"
"Solano","2,016","Owner","Less than 20% of income","0.42767759811","ACS_B25095_1YR"
"Sonoma","2,016","Owner","Less than 20% of income","0.46690323941","ACS_B25095_1YR"
"Alameda","2,016","Owner","20% to 34% of income","0.3223944591","ACS_B25095_1YR"
"Contra Costa","2,016","Owner","20% to 34% of income","0.29753379151","ACS_B25095_1YR"
"Marin","2,016","Owner","20% to 34% of income","0.28137360389","ACS_B25095_1YR"
"Napa","2,016","Owner","20% to 34% of income","0.29498272638","ACS_B25095_1YR"
"San Francisco","2,016","Owner","20% to 34% of income","0.25973804565","ACS_B25095_1YR"
"San Mateo","2,016","Owner","20% to 34% of income","0.29951230886","ACS_B25095_1YR"
"Santa Clara","2,016","Owner","20% to 34% of income","0.30255859775","ACS_B25095_1YR"
"Solano","2,016","Owner","20% to 34% of income","0.34474927326","ACS_B25095_1YR"
"Sonoma","2,016","Owner","20% to 34% of income","0.28678588996","ACS_B25095_1YR"
"Alameda","2,016","Owner","At least 35% of income","0.20955050886","ACS_B25095_1YR"
"Contra Costa","2,016","Owner","At least 35% of income","0.24530088386","ACS_B25095_1YR"
"Marin","2,016","Owner","At least 35% of income","0.29022383197","ACS_B25095_1YR"
"Napa","2,016","Owner","At least 35% of income","0.26553833476","ACS_B25095_1YR"
"San Francisco","2,016","Owner","At least 35% of income","0.23701902764","ACS_B25095_1YR"
"San Mateo","2,016","Owner","At least 35% of income","0.23375496273","ACS_B25095_1YR"
"Santa Clara","2,016","Owner","At least 35% of income","0.21563241843","ACS_B25095_1YR"
"Solano","2,016","Owner","At least 35% of income","0.22757312863","ACS_B25095_1YR"
"Sonoma","2,016","Owner","At least 35% of income","0.24631087063","ACS_B25095_1YR"
"Alameda","2,017","Owner","Less than 20% of income","0.45775668085","ACS_B25095_1YR"
"Contra Costa","2,017","Owner","Less than 20% of income","0.43250500378","ACS_B25095_1YR"
"Marin","2,017","Owner","Less than 20% of income","0.45432842176","ACS_B25095_1YR"
"Napa","2,017","Owner","Less than 20% of income","0.47964433153","ACS_B25095_1YR"
"San Francisco","2,017","Owner","Less than 20% of income","0.51176034429","ACS_B25095_1YR"
"San Mateo","2,017","Owner","Less than 20% of income","0.47265755896","ACS_B25095_1YR"
"Santa Clara","2,017","Owner","Less than 20% of income","0.4768317474","ACS_B25095_1YR"
"Solano","2,017","Owner","Less than 20% of income","0.46941997767","ACS_B25095_1YR"
"Sonoma","2,017","Owner","Less than 20% of income","0.44736110145","ACS_B25095_1YR"
"Alameda","2,017","Owner","20% to 34% of income","0.33682637189","ACS_B25095_1YR"
"Contra Costa","2,017","Owner","20% to 34% of income","0.32299155719","ACS_B25095_1YR"
"Marin","2,017","Owner","20% to 34% of income","0.30821282484","ACS_B25095_1YR"
"Napa","2,017","Owner","20% to 34% of income","0.29301365513","ACS_B25095_1YR"
"San Francisco","2,017","Owner","20% to 34% of income","0.25218428234","ACS_B25095_1YR"
"San Mateo","2,017","Owner","20% to 34% of income","0.30386647764","ACS_B25095_1YR"
"Santa Clara","2,017","Owner","20% to 34% of income","0.29998629842","ACS_B25095_1YR"
"Solano","2,017","Owner","20% to 34% of income","0.31288274369","ACS_B25095_1YR"
"Sonoma","2,017","Owner","20% to 34% of income","0.31354738892","ACS_B25095_1YR"
"Alameda","2,017","Owner","At least 35% of income","0.20541694726","ACS_B25095_1YR"
"Contra Costa","2,017","Owner","At least 35% of income","0.24450343903","ACS_B25095_1YR"
"Marin","2,017","Owner","At least 35% of income","0.2374587534","ACS_B25095_1YR"
"Napa","2,017","Owner","At least 35% of income","0.22734201334","ACS_B25095_1YR"
"San Francisco","2,017","Owner","At least 35% of income","0.23605537337","ACS_B25095_1YR"
"San Mateo","2,017","Owner","At least 35% of income","0.2234759634","ACS_B25095_1YR"
"Santa Clara","2,017","Owner","At least 35% of income","0.22318195418","ACS_B25095_1YR"
"Solano","2,017","Owner","At least 35% of income","0.21769727864","ACS_B25095_1YR"
"Sonoma","2,017","Owner","At least 35% of income","0.23909150963","ACS_B25095_1YR"
"Alameda","2,018","Owner","Less than 20% of income","0.48828744202","ACS_B25095_1YR"
"Contra Costa","2,018","Owner","Less than 20% of income","0.47291660335","ACS_B25095_1YR"
"Marin","2,018","Owner","Less than 20% of income","0.45843498959","ACS_B25095_1YR"
"Napa","2,018","Owner","Less than 20% of income","0.47088955104","ACS_B25095_1YR"
"San Francisco","2,018","Owner","Less than 20% of income","0.53211492122","ACS_B25095_1YR"
"San Mateo","2,018","Owner","Less than 20% of income","0.48918844284","ACS_B25095_1YR"
"Santa Clara","2,018","Owner","Less than 20% of income","0.50765026557","ACS_B25095_1YR"
"Solano","2,018","Owner","Less than 20% of income","0.45910123706","ACS_B25095_1YR"
"Sonoma","2,018","Owner","Less than 20% of income","0.45695104065","ACS_B25095_1YR"
"Alameda","2,018","Owner","20% to 34% of income","0.30890363151","ACS_B25095_1YR"
"Contra Costa","2,018","Owner","20% to 34% of income","0.31239552624","ACS_B25095_1YR"
"Marin","2,018","Owner","20% to 34% of income","0.27529009223","ACS_B25095_1YR"
"Napa","2,018","Owner","20% to 34% of income","0.32766413338","ACS_B25095_1YR"
"San Francisco","2,018","Owner","20% to 34% of income","0.22917516219","ACS_B25095_1YR"
"San Mateo","2,018","Owner","20% to 34% of income","0.26964993289","ACS_B25095_1YR"
"Santa Clara","2,018","Owner","20% to 34% of income","0.27976512465","ACS_B25095_1YR"
"Solano","2,018","Owner","20% to 34% of income","0.33847723639","ACS_B25095_1YR"
"Sonoma","2,018","Owner","20% to 34% of income","0.30979361643","ACS_B25095_1YR"
"Alameda","2,018","Owner","At least 35% of income","0.20280892646","ACS_B25095_1YR"
"Contra Costa","2,018","Owner","At least 35% of income","0.21468787041","ACS_B25095_1YR"
"Marin","2,018","Owner","At least 35% of income","0.26627491818","ACS_B25095_1YR"
"Napa","2,018","Owner","At least 35% of income","0.20144631558","ACS_B25095_1YR"
"San Francisco","2,018","Owner","At least 35% of income","0.23870991659","ACS_B25095_1YR"
"San Mateo","2,018","Owner","At least 35% of income","0.24116162427","ACS_B25095_1YR"
"Santa Clara","2,018","Owner","At least 35% of income","0.21258460978","ACS_B25095_1YR"
"Solano","2,018","Owner","At least 35% of income","0.20242152655","ACS_B25095_1YR"
"Sonoma","2,018","Owner","At least 35% of income","0.23325534292","ACS_B25095_1YR"
"Alameda","2,019","Owner","Less than 20% of income","0.48638280805","ACS_B25095_1YR"
"Contra Costa","2,019","Owner","Less than 20% of income","0.49168144452","ACS_B25095_1YR"
"Marin","2,019","Owner","Less than 20% of income","0.44634861819","ACS_B25095_1YR"
"Napa","2,019","Owner","Less than 20% of income","0.47715528107","ACS_B25095_1YR"
"San Francisco","2,019","Owner","Less than 20% of income","0.52008315391","ACS_B25095_1YR"
"San Mateo","2,019","Owner","Less than 20% of income","0.52870210706","ACS_B25095_1YR"
"Santa Clara","2,019","Owner","Less than 20% of income","0.54171566539","ACS_B25095_1YR"
"Solano","2,019","Owner","Less than 20% of income","0.48145556333","ACS_B25095_1YR"
"Sonoma","2,019","Owner","Less than 20% of income","0.45337141017","ACS_B25095_1YR"
"Alameda","2,019","Owner","20% to 34% of income","0.30455609895","ACS_B25095_1YR"
"Contra Costa","2,019","Owner","20% to 34% of income","0.29046664692","ACS_B25095_1YR"
"Marin","2,019","Owner","20% to 34% of income","0.27809170912","ACS_B25095_1YR"
"Napa","2,019","Owner","20% to 34% of income","0.26701537686","ACS_B25095_1YR"
"San Francisco","2,019","Owner","20% to 34% of income","0.24690771401","ACS_B25095_1YR"
"San Mateo","2,019","Owner","20% to 34% of income","0.26590555068","ACS_B25095_1YR"
"Santa Clara","2,019","Owner","20% to 34% of income","0.26621502627","ACS_B25095_1YR"
"Solano","2,019","Owner","20% to 34% of income","0.31817839264","ACS_B25095_1YR"
"Sonoma","2,019","Owner","20% to 34% of income","0.30982060386","ACS_B25095_1YR"
"Alameda","2,019","Owner","At least 35% of income","0.209061093","ACS_B25095_1YR"
"Contra Costa","2,019","Owner","At least 35% of income","0.21785190856","ACS_B25095_1YR"
"Marin","2,019","Owner","At least 35% of income","0.27555967269","ACS_B25095_1YR"
"Napa","2,019","Owner","At least 35% of income","0.25582934207","ACS_B25095_1YR"
"San Francisco","2,019","Owner","At least 35% of income","0.23300913208","ACS_B25095_1YR"
"San Mateo","2,019","Owner","At least 35% of income","0.20539234226","ACS_B25095_1YR"
"Santa Clara","2,019","Owner","At least 35% of income","0.19206930834","ACS_B25095_1YR"
"Solano","2,019","Owner","At least 35% of income","0.20036604403","ACS_B25095_1YR"
"Sonoma","2,019","Owner","At least 35% of income","0.23680798597","ACS_B25095_1YR"
"Alameda","2,020","Owner","Less than 20% of income","0.4794285864","ACS_B25095_5YR"
"Contra Costa","2,020","Owner","Less than 20% of income","0.46409248904","ACS_B25095_5YR"
"Marin","2,020","Owner","Less than 20% of income","0.44929110106","ACS_B25095_5YR"
"Napa","2,020","Owner","Less than 20% of income","0.4863767189","ACS_B25095_5YR"
"San Francisco","2,020","Owner","Less than 20% of income","0.51706562234","ACS_B25095_5YR"
"San Mateo","2,020","Owner","Less than 20% of income","0.49048701382","ACS_B25095_5YR"
"Santa Clara","2,020","Owner","Less than 20% of income","0.4981897176","ACS_B25095_5YR"
"Solano","2,020","Owner","Less than 20% of income","0.47889166497","ACS_B25095_5YR"
"Sonoma","2,020","Owner","Less than 20% of income","0.44985090457","ACS_B25095_5YR"
"Alameda","2,020","Owner","20% to 34% of income","0.30880377885","ACS_B25095_5YR"
"Contra Costa","2,020","Owner","20% to 34% of income","0.3080134502","ACS_B25095_5YR"
"Marin","2,020","Owner","20% to 34% of income","0.28319758673","ACS_B25095_5YR"
"Napa","2,020","Owner","20% to 34% of income","0.27604732971","ACS_B25095_5YR"
"San Francisco","2,020","Owner","20% to 34% of income","0.24376631758","ACS_B25095_5YR"
"San Mateo","2,020","Owner","20% to 34% of income","0.27772173558","ACS_B25095_5YR"
"Santa Clara","2,020","Owner","20% to 34% of income","0.28695923076","ACS_B25095_5YR"
"Solano","2,020","Owner","20% to 34% of income","0.31452866809","ACS_B25095_5YR"
"Sonoma","2,020","Owner","20% to 34% of income","0.30654541977","ACS_B25095_5YR"
"Alameda","2,020","Owner","At least 35% of income","0.21176763475","ACS_B25095_5YR"
"Contra Costa","2,020","Owner","At least 35% of income","0.22789406075","ACS_B25095_5YR"
"Marin","2,020","Owner","At least 35% of income","0.26751131222","ACS_B25095_5YR"
"Napa","2,020","Owner","At least 35% of income","0.23757595139","ACS_B25095_5YR"
"San Francisco","2,020","Owner","At least 35% of income","0.23916806008","ACS_B25095_5YR"
"San Mateo","2,020","Owner","At least 35% of income","0.23179125061","ACS_B25095_5YR"
"Santa Clara","2,020","Owner","At least 35% of income","0.21485105165","ACS_B25095_5YR"
"Solano","2,020","Owner","At least 35% of income","0.20657966694","ACS_B25095_5YR"
"Sonoma","2,020","Owner","At least 35% of income","0.24360367566","ACS_B25095_5YR"
"Alameda","2,021","Owner","Less than 20% of income","0.50248035925","ACS_B25095_1YR"
"Contra Costa","2,021","Owner","Less than 20% of income","0.47581896994","ACS_B25095_1YR"
"Marin","2,021","Owner","Less than 20% of income","0.4549782622","ACS_B25095_1YR"
"Napa","2,021","Owner","Less than 20% of income","0.48966713521","ACS_B25095_1YR"
"San Francisco","2,021","Owner","Less than 20% of income","0.51290480018","ACS_B25095_1YR"
"San Mateo","2,021","Owner","Less than 20% of income","0.5072528209","ACS_B25095_1YR"
"Santa Clara","2,021","Owner","Less than 20% of income","0.53145451117","ACS_B25095_1YR"
"Solano","2,021","Owner","Less than 20% of income","0.4690972617","ACS_B25095_1YR"
"Sonoma","2,021","Owner","Less than 20% of income","0.46546794052","ACS_B25095_1YR"
"Alameda","2,021","Owner","20% to 34% of income","0.28016621384","ACS_B25095_1YR"
"Contra Costa","2,021","Owner","20% to 34% of income","0.2931560912","ACS_B25095_1YR"
"Marin","2,021","Owner","20% to 34% of income","0.28038699406","ACS_B25095_1YR"
"Napa","2,021","Owner","20% to 34% of income","0.26389927326","ACS_B25095_1YR"
"San Francisco","2,021","Owner","20% to 34% of income","0.25483032843","ACS_B25095_1YR"
"San Mateo","2,021","Owner","20% to 34% of income","0.25529542921","ACS_B25095_1YR"
"Santa Clara","2,021","Owner","20% to 34% of income","0.2547502052","ACS_B25095_1YR"
"Solano","2,021","Owner","20% to 34% of income","0.28563454243","ACS_B25095_1YR"
"Sonoma","2,021","Owner","20% to 34% of income","0.29871156563","ACS_B25095_1YR"
"Alameda","2,021","Owner","At least 35% of income","0.21735342691","ACS_B25095_1YR"
"Contra Costa","2,021","Owner","At least 35% of income","0.23102493886","ACS_B25095_1YR"
"Marin","2,021","Owner","At least 35% of income","0.26463474374","ACS_B25095_1YR"
"Napa","2,021","Owner","At least 35% of income","0.24643359153","ACS_B25095_1YR"
"San Francisco","2,021","Owner","At least 35% of income","0.23226487138","ACS_B25095_1YR"
"San Mateo","2,021","Owner","At least 35% of income","0.23745174989","ACS_B25095_1YR"
"Santa Clara","2,021","Owner","At least 35% of income","0.21379528363","ACS_B25095_1YR"
"Solano","2,021","Owner","At least 35% of income","0.24526819587","ACS_B25095_1YR"
"Sonoma","2,021","Owner","At least 35% of income","0.23582049384","ACS_B25095_1YR"
"Alameda","2,022","Owner","Less than 20% of income","0.51305936969","ACS_B25095_1YR"
"Contra Costa","2,022","Owner","Less than 20% of income","0.47479436206","ACS_B25095_1YR"
"Marin","2,022","Owner","Less than 20% of income","0.45275290389","ACS_B25095_1YR"
"Napa","2,022","Owner","Less than 20% of income","0.45885429957","ACS_B25095_1YR"
"San Francisco","2,022","Owner","Less than 20% of income","0.53487463876","ACS_B25095_1YR"
"San Mateo","2,022","Owner","Less than 20% of income","0.51726481963","ACS_B25095_1YR"
"Santa Clara","2,022","Owner","Less than 20% of income","0.55537509798","ACS_B25095_1YR"
"Solano","2,022","Owner","Less than 20% of income","0.45499481236","ACS_B25095_1YR"
"Sonoma","2,022","Owner","Less than 20% of income","0.48369363909","ACS_B25095_1YR"
"Alameda","2,022","Owner","20% to 34% of income","0.2756603276","ACS_B25095_1YR"
"Contra Costa","2,022","Owner","20% to 34% of income","0.27783342974","ACS_B25095_1YR"
"Marin","2,022","Owner","20% to 34% of income","0.28412539429","ACS_B25095_1YR"
"Napa","2,022","Owner","20% to 34% of income","0.25787828528","ACS_B25095_1YR"
"San Francisco","2,022","Owner","20% to 34% of income","0.2438775003","ACS_B25095_1YR"
"San Mateo","2,022","Owner","20% to 34% of income","0.25497287523","ACS_B25095_1YR"
"Santa Clara","2,022","Owner","20% to 34% of income","0.24567042808","ACS_B25095_1YR"
"Solano","2,022","Owner","20% to 34% of income","0.28788442339","ACS_B25095_1YR"
"Sonoma","2,022","Owner","20% to 34% of income","0.26877294003","ACS_B25095_1YR"
"Alameda","2,022","Owner","At least 35% of income","0.21128030271","ACS_B25095_1YR"
"Contra Costa","2,022","Owner","At least 35% of income","0.24737220819","ACS_B25095_1YR"
"Marin","2,022","Owner","At least 35% of income","0.26312170182","ACS_B25095_1YR"
"Napa","2,022","Owner","At least 35% of income","0.28326741516","ACS_B25095_1YR"
"San Francisco","2,022","Owner","At least 35% of income","0.22124786094","ACS_B25095_1YR"
"San Mateo","2,022","Owner","At least 35% of income","0.22776230514","ACS_B25095_1YR"
"Santa Clara","2,022","Owner","At least 35% of income","0.19895447394","ACS_B25095_1YR"
"Solano","2,022","Owner","At least 35% of income","0.25712076425","ACS_B25095_1YR"
"Sonoma","2,022","Owner","At least 35% of income","0.24753342088","ACS_B25095_1YR"
"Alameda","2,023","Owner","Less than 20% of income","0.48560895811","ACS_B25095_1YR"
"Contra Costa","2,023","Owner","Less than 20% of income","0.47029579215","ACS_B25095_1YR"
"Marin","2,023","Owner","Less than 20% of income","0.4370785493","ACS_B25095_1YR"
"Napa","2,023","Owner","Less than 20% of income","0.47013511807","ACS_B25095_1YR"
"San Francisco","2,023","Owner","Less than 20% of income","0.51103123451","ACS_B25095_1YR"
"San Mateo","2,023","Owner","Less than 20% of income","0.52012557534","ACS_B25095_1YR"
"Santa Clara","2,023","Owner","Less than 20% of income","0.5389967977","ACS_B25095_1YR"
"Solano","2,023","Owner","Less than 20% of income","0.43932634507","ACS_B25095_1YR"
"Sonoma","2,023","Owner","Less than 20% of income","0.45904387351","ACS_B25095_1YR"
"Alameda","2,023","Owner","20% to 34% of income","0.27368016835","ACS_B25095_1YR"
"Contra Costa","2,023","Owner","20% to 34% of income","0.28481041628","ACS_B25095_1YR"
"Marin","2,023","Owner","20% to 34% of income","0.28462730089","ACS_B25095_1YR"
"Napa","2,023","Owner","20% to 34% of income","0.26161762849","ACS_B25095_1YR"
"San Francisco","2,023","Owner","20% to 34% of income","0.24532648954","ACS_B25095_1YR"
"San Mateo","2,023","Owner","20% to 34% of income","0.24545208411","ACS_B25095_1YR"
"Santa Clara","2,023","Owner","20% to 34% of income","0.2575631721","ACS_B25095_1YR"
"Solano","2,023","Owner","20% to 34% of income","0.30541010482","ACS_B25095_1YR"
"Sonoma","2,023","Owner","20% to 34% of income","0.26733503111","ACS_B25095_1YR"
"Alameda","2,023","Owner","At least 35% of income","0.24071087354","ACS_B25095_1YR"
"Contra Costa","2,023","Owner","At least 35% of income","0.24489379157","ACS_B25095_1YR"
"Marin","2,023","Owner","At least 35% of income","0.27829414981","ACS_B25095_1YR"
"Napa","2,023","Owner","At least 35% of income","0.26824725344","ACS_B25095_1YR"
"San Francisco","2,023","Owner","At least 35% of income","0.24364227595","ACS_B25095_1YR"
"San Mateo","2,023","Owner","At least 35% of income","0.23442234055","ACS_B25095_1YR"
"Santa Clara","2,023","Owner","At least 35% of income","0.20344003021","ACS_B25095_1YR"
"Solano","2,023","Owner","At least 35% of income","0.2552635501","ACS_B25095_1YR"
"Sonoma","2,023","Owner","At least 35% of income","0.27362109539","ACS_B25095_1YR"
"Alameda","2,024","Owner","Less than 20% of income","0.49436943381","ACS_B25095_1YR"
"Contra Costa","2,024","Owner","Less than 20% of income","0.46048107547","ACS_B25095_1YR"
"Marin","2,024","Owner","Less than 20% of income","0.49648286816","ACS_B25095_1YR"
"Napa","2,024","Owner","Less than 20% of income","0.48332532436","ACS_B25095_5YR"
"San Francisco","2,024","Owner","Less than 20% of income","0.505303414","ACS_B25095_1YR"
"San Mateo","2,024","Owner","Less than 20% of income","0.53478920954","ACS_B25095_1YR"
"Santa Clara","2,024","Owner","Less than 20% of income","0.53666060205","ACS_B25095_1YR"
"Solano","2,024","Owner","Less than 20% of income","0.45271160248","ACS_B25095_1YR"
"Sonoma","2,024","Owner","Less than 20% of income","0.47172190057","ACS_B25095_1YR"
"Alameda","2,024","Owner","20% to 34% of income","0.27795631078","ACS_B25095_1YR"
"Contra Costa","2,024","Owner","20% to 34% of income","0.28635779768","ACS_B25095_1YR"
"Marin","2,024","Owner","20% to 34% of income","0.23842371984","ACS_B25095_1YR"
"Napa","2,024","Owner","20% to 34% of income","0.26586576966","ACS_B25095_5YR"
"San Francisco","2,024","Owner","20% to 34% of income","0.24942561641","ACS_B25095_1YR"
"San Mateo","2,024","Owner","20% to 34% of income","0.24678958081","ACS_B25095_1YR"
"Santa Clara","2,024","Owner","20% to 34% of income","0.2460083802","ACS_B25095_1YR"
"Solano","2,024","Owner","20% to 34% of income","0.27647040521","ACS_B25095_1YR"
"Sonoma","2,024","Owner","20% to 34% of income","0.27790670596","ACS_B25095_1YR"
"Alameda","2,024","Owner","At least 35% of income","0.22767425541","ACS_B25095_1YR"
"Contra Costa","2,024","Owner","At least 35% of income","0.25316112685","ACS_B25095_1YR"
"Marin","2,024","Owner","At least 35% of income","0.265093412","ACS_B25095_1YR"
"Napa","2,024","Owner","At least 35% of income","0.25080890597","ACS_B25095_5YR"
"San Francisco","2,024","Owner","At least 35% of income","0.24527096959","ACS_B25095_1YR"
"San Mateo","2,024","Owner","At least 35% of income","0.21842120965","ACS_B25095_1YR"
"Santa Clara","2,024","Owner","At least 35% of income","0.21733101775","ACS_B25095_1YR"
"Solano","2,024","Owner","At least 35% of income","0.2708179923","ACS_B25095_1YR"
"Sonoma","2,024","Owner","At least 35% of income","0.25037139347","ACS_B25095_1YR"
"Alameda","2,009","Renter","Less than 20% of income","0.2398613684","ACS_B25074_1YR"
"Contra Costa","2,009","Renter","Less than 20% of income","0.19193221424","ACS_B25074_1YR"
"Marin","2,009","Renter","Less than 20% of income","0.2425856531","ACS_B25074_1YR"
"Napa","2,009","Renter","Less than 20% of income","0.22045959002","ACS_B25074_5YR"
"San Francisco","2,009","Renter","Less than 20% of income","0.30375799643","ACS_B25074_1YR"
"San Mateo","2,009","Renter","Less than 20% of income","0.26072117056","ACS_B25074_1YR"
"Santa Clara","2,009","Renter","Less than 20% of income","0.26470677127","ACS_B25074_1YR"
"Solano","2,009","Renter","Less than 20% of income","0.2105274658","ACS_B25074_1YR"
"Sonoma","2,009","Renter","Less than 20% of income","0.21428464744","ACS_B25074_1YR"
"Alameda","2,009","Renter","20% to 34% of income","0.37167010202","ACS_B25074_1YR"
"Contra Costa","2,009","Renter","20% to 34% of income","0.36080980155","ACS_B25074_1YR"
"Marin","2,009","Renter","20% to 34% of income","0.30350642398","ACS_B25074_1YR"
"Napa","2,009","Renter","20% to 34% of income","0.39358924142","ACS_B25074_5YR"
"San Francisco","2,009","Renter","20% to 34% of income","0.32420812722","ACS_B25074_1YR"
"San Mateo","2,009","Renter","20% to 34% of income","0.31733190068","ACS_B25074_1YR"
"Santa Clara","2,009","Renter","20% to 34% of income","0.36469770434","ACS_B25074_1YR"
"Solano","2,009","Renter","20% to 34% of income","0.31650133287","ACS_B25074_1YR"
"Sonoma","2,009","Renter","20% to 34% of income","0.34694487178","ACS_B25074_1YR"
"Alameda","2,009","Renter","At least 35% of income","0.38846852958","ACS_B25074_1YR"
"Contra Costa","2,009","Renter","At least 35% of income","0.44725798421","ACS_B25074_1YR"
"Marin","2,009","Renter","At least 35% of income","0.45390792291","ACS_B25074_1YR"
"Napa","2,009","Renter","At least 35% of income","0.38595116856","ACS_B25074_5YR"
"San Francisco","2,009","Renter","At least 35% of income","0.37203387636","ACS_B25074_1YR"
"San Mateo","2,009","Renter","At least 35% of income","0.42194692876","ACS_B25074_1YR"
"Santa Clara","2,009","Renter","At least 35% of income","0.37059552439","ACS_B25074_1YR"
"Solano","2,009","Renter","At least 35% of income","0.47297120133","ACS_B25074_1YR"
"Sonoma","2,009","Renter","At least 35% of income","0.43877048079","ACS_B25074_1YR"
"Alameda","2,010","Renter","Less than 20% of income","0.22419735777","ACS_B25074_1YR"
"Contra Costa","2,010","Renter","Less than 20% of income","0.18026613317","ACS_B25074_1YR"
"Marin","2,010","Renter","Less than 20% of income","0.22083523766","ACS_B25074_1YR"
"Napa","2,010","Renter","Less than 20% of income","0.20788794692","ACS_B25074_5YR"
"San Francisco","2,010","Renter","Less than 20% of income","0.29934678631","ACS_B25074_1YR"
"San Mateo","2,010","Renter","Less than 20% of income","0.25761596645","ACS_B25074_1YR"
"Santa Clara","2,010","Renter","Less than 20% of income","0.29034492817","ACS_B25074_1YR"
"Solano","2,010","Renter","Less than 20% of income","0.17053676427","ACS_B25074_1YR"
"Sonoma","2,010","Renter","Less than 20% of income","0.15413576243","ACS_B25074_1YR"
"Alameda","2,010","Renter","20% to 34% of income","0.33338340719","ACS_B25074_1YR"
"Contra Costa","2,010","Renter","20% to 34% of income","0.3560098518","ACS_B25074_1YR"
"Marin","2,010","Renter","20% to 34% of income","0.2654821755","ACS_B25074_1YR"
"Napa","2,010","Renter","20% to 34% of income","0.36675267232","ACS_B25074_5YR"
"San Francisco","2,010","Renter","20% to 34% of income","0.3354810657","ACS_B25074_1YR"
"San Mateo","2,010","Renter","20% to 34% of income","0.36562602499","ACS_B25074_1YR"
"Santa Clara","2,010","Renter","20% to 34% of income","0.32941977199","ACS_B25074_1YR"
"Solano","2,010","Renter","20% to 34% of income","0.36776225309","ACS_B25074_1YR"
"Sonoma","2,010","Renter","20% to 34% of income","0.3489805127","ACS_B25074_1YR"
"Alameda","2,010","Renter","At least 35% of income","0.44241923504","ACS_B25074_1YR"
"Contra Costa","2,010","Renter","At least 35% of income","0.46372401503","ACS_B25074_1YR"
"Marin","2,010","Renter","At least 35% of income","0.51368258684","ACS_B25074_1YR"
"Napa","2,010","Renter","At least 35% of income","0.42535938076","ACS_B25074_5YR"
"San Francisco","2,010","Renter","At least 35% of income","0.365172148","ACS_B25074_1YR"
"San Mateo","2,010","Renter","At least 35% of income","0.37675800857","ACS_B25074_1YR"
"Santa Clara","2,010","Renter","At least 35% of income","0.38023529984","ACS_B25074_1YR"
"Solano","2,010","Renter","At least 35% of income","0.46170098264","ACS_B25074_1YR"
"Sonoma","2,010","Renter","At least 35% of income","0.49688372487","ACS_B25074_1YR"
"Alameda","2,011","Renter","Less than 20% of income","0.21658000775","ACS_B25074_1YR"
"Contra Costa","2,011","Renter","Less than 20% of income","0.18729005168","ACS_B25074_1YR"
"Marin","2,011","Renter","Less than 20% of income","0.17167501391","ACS_B25074_1YR"
"Napa","2,011","Renter","Less than 20% of income","0.1902690791","ACS_B25074_5YR"
"San Francisco","2,011","Renter","Less than 20% of income","0.2831090175","ACS_B25074_1YR"
"San Mateo","2,011","Renter","Less than 20% of income","0.21139419885","ACS_B25074_1YR"
"Santa Clara","2,011","Renter","Less than 20% of income","0.27379095781","ACS_B25074_1YR"
"Solano","2,011","Renter","Less than 20% of income","0.18286559496","ACS_B25074_1YR"
"Sonoma","2,011","Renter","Less than 20% of income","0.16443530995","ACS_B25074_1YR"
"Alameda","2,011","Renter","20% to 34% of income","0.34617286189","ACS_B25074_1YR"
"Contra Costa","2,011","Renter","20% to 34% of income","0.33641795866","ACS_B25074_1YR"
"Marin","2,011","Renter","20% to 34% of income","0.34919309961","ACS_B25074_1YR"
"Napa","2,011","Renter","20% to 34% of income","0.36714219439","ACS_B25074_5YR"
"San Francisco","2,011","Renter","20% to 34% of income","0.34775523938","ACS_B25074_1YR"
"San Mateo","2,011","Renter","20% to 34% of income","0.3549662574","ACS_B25074_1YR"
"Santa Clara","2,011","Renter","20% to 34% of income","0.33539293376","ACS_B25074_1YR"
"Solano","2,011","Renter","20% to 34% of income","0.36549764509","ACS_B25074_1YR"
"Sonoma","2,011","Renter","20% to 34% of income","0.35479295422","ACS_B25074_1YR"
"Alameda","2,011","Renter","At least 35% of income","0.43724713037","ACS_B25074_1YR"
"Contra Costa","2,011","Renter","At least 35% of income","0.47629198966","ACS_B25074_1YR"
"Marin","2,011","Renter","At least 35% of income","0.47913188648","ACS_B25074_1YR"
"Napa","2,011","Renter","At least 35% of income","0.44258872651","ACS_B25074_5YR"
"San Francisco","2,011","Renter","At least 35% of income","0.36913574313","ACS_B25074_1YR"
"San Mateo","2,011","Renter","At least 35% of income","0.43363954376","ACS_B25074_1YR"
"Santa Clara","2,011","Renter","At least 35% of income","0.39081610842","ACS_B25074_1YR"
"Solano","2,011","Renter","At least 35% of income","0.45163675995","ACS_B25074_1YR"
"Sonoma","2,011","Renter","At least 35% of income","0.48077173583","ACS_B25074_1YR"
"Alameda","2,012","Renter","Less than 20% of income","0.20428119446","ACS_B25074_1YR"
"Contra Costa","2,012","Renter","Less than 20% of income","0.2002118888","ACS_B25074_1YR"
"Marin","2,012","Renter","Less than 20% of income","0.21146385443","ACS_B25074_1YR"
"Napa","2,012","Renter","Less than 20% of income","0.26067440947","ACS_B25074_1YR"
"San Francisco","2,012","Renter","Less than 20% of income","0.28882460917","ACS_B25074_1YR"
"San Mateo","2,012","Renter","Less than 20% of income","0.21968658086","ACS_B25074_1YR"
"Santa Clara","2,012","Renter","Less than 20% of income","0.2640739817","ACS_B25074_1YR"
"Solano","2,012","Renter","Less than 20% of income","0.18135320766","ACS_B25074_1YR"
"Sonoma","2,012","Renter","Less than 20% of income","0.17887881897","ACS_B25074_1YR"
"Alameda","2,012","Renter","20% to 34% of income","0.3612198057","ACS_B25074_1YR"
"Contra Costa","2,012","Renter","20% to 34% of income","0.33494553076","ACS_B25074_1YR"
"Marin","2,012","Renter","20% to 34% of income","0.3228238894","ACS_B25074_1YR"
"Napa","2,012","Renter","20% to 34% of income","0.31262974808","ACS_B25074_1YR"
"San Francisco","2,012","Renter","20% to 34% of income","0.3238754064","ACS_B25074_1YR"
"San Mateo","2,012","Renter","20% to 34% of income","0.33693030822","ACS_B25074_1YR"
"Santa Clara","2,012","Renter","20% to 34% of income","0.33899579824","ACS_B25074_1YR"
"Solano","2,012","Renter","20% to 34% of income","0.33220078913","ACS_B25074_1YR"
"Sonoma","2,012","Renter","20% to 34% of income","0.33839204286","ACS_B25074_1YR"
"Alameda","2,012","Renter","At least 35% of income","0.43449899983","ACS_B25074_1YR"
"Contra Costa","2,012","Renter","At least 35% of income","0.46484258044","ACS_B25074_1YR"
"Marin","2,012","Renter","At least 35% of income","0.46571225616","ACS_B25074_1YR"
"Napa","2,012","Renter","At least 35% of income","0.42669584245","ACS_B25074_1YR"
"San Francisco","2,012","Renter","At least 35% of income","0.38729998443","ACS_B25074_1YR"
"San Mateo","2,012","Renter","At least 35% of income","0.44338311093","ACS_B25074_1YR"
"Santa Clara","2,012","Renter","At least 35% of income","0.39693022006","ACS_B25074_1YR"
"Solano","2,012","Renter","At least 35% of income","0.48644600321","ACS_B25074_1YR"
"Sonoma","2,012","Renter","At least 35% of income","0.48272913817","ACS_B25074_1YR"
"Alameda","2,013","Renter","Less than 20% of income","0.22588308969","ACS_B25074_1YR"
"Contra Costa","2,013","Renter","Less than 20% of income","0.20219639735","ACS_B25074_1YR"
"Marin","2,013","Renter","Less than 20% of income","0.21571547718","ACS_B25074_1YR"
"Napa","2,013","Renter","Less than 20% of income","0.15589285714","ACS_B25074_1YR"
"San Francisco","2,013","Renter","Less than 20% of income","0.30725327647","ACS_B25074_1YR"
"San Mateo","2,013","Renter","Less than 20% of income","0.23097727364","ACS_B25074_1YR"
"Santa Clara","2,013","Renter","Less than 20% of income","0.27415502504","ACS_B25074_1YR"
"Solano","2,013","Renter","Less than 20% of income","0.16469594595","ACS_B25074_1YR"
"Sonoma","2,013","Renter","Less than 20% of income","0.17803544317","ACS_B25074_1YR"
"Alameda","2,013","Renter","20% to 34% of income","0.34471516077","ACS_B25074_1YR"
"Contra Costa","2,013","Renter","20% to 34% of income","0.34614821832","ACS_B25074_1YR"
"Marin","2,013","Renter","20% to 34% of income","0.35562373406","ACS_B25074_1YR"
"Napa","2,013","Renter","20% to 34% of income","0.4394047619","ACS_B25074_1YR"
"San Francisco","2,013","Renter","20% to 34% of income","0.33046431263","ACS_B25074_1YR"
"San Mateo","2,013","Renter","20% to 34% of income","0.35308602107","ACS_B25074_1YR"
"Santa Clara","2,013","Renter","20% to 34% of income","0.31964944124","ACS_B25074_1YR"
"Solano","2,013","Renter","20% to 34% of income","0.33108108108","ACS_B25074_1YR"
"Sonoma","2,013","Renter","20% to 34% of income","0.34983675718","ACS_B25074_1YR"
"Alameda","2,013","Renter","At least 35% of income","0.42940174955","ACS_B25074_1YR"
"Contra Costa","2,013","Renter","At least 35% of income","0.45165538433","ACS_B25074_1YR"
"Marin","2,013","Renter","At least 35% of income","0.42866078875","ACS_B25074_1YR"
"Napa","2,013","Renter","At least 35% of income","0.40470238095","ACS_B25074_1YR"
"San Francisco","2,013","Renter","At least 35% of income","0.3622824109","ACS_B25074_1YR"
"San Mateo","2,013","Renter","At least 35% of income","0.41593670528","ACS_B25074_1YR"
"Santa Clara","2,013","Renter","At least 35% of income","0.40619553372","ACS_B25074_1YR"
"Solano","2,013","Renter","At least 35% of income","0.50422297297","ACS_B25074_1YR"
"Sonoma","2,013","Renter","At least 35% of income","0.47212779965","ACS_B25074_1YR"
"Alameda","2,014","Renter","Less than 20% of income","0.22993487398","ACS_B25074_1YR"
"Contra Costa","2,014","Renter","Less than 20% of income","0.21032141847","ACS_B25074_1YR"
"Marin","2,014","Renter","Less than 20% of income","0.23313872084","ACS_B25074_1YR"
"Napa","2,014","Renter","Less than 20% of income","0.20930986068","ACS_B25074_5YR"
"San Francisco","2,014","Renter","Less than 20% of income","0.31700169291","ACS_B25074_1YR"
"San Mateo","2,014","Renter","Less than 20% of income","0.25638881326","ACS_B25074_1YR"
"Santa Clara","2,014","Renter","Less than 20% of income","0.2542855189","ACS_B25074_1YR"
"Solano","2,014","Renter","Less than 20% of income","0.1967053269","ACS_B25074_1YR"
"Sonoma","2,014","Renter","Less than 20% of income","0.18491916176","ACS_B25074_1YR"
"Alameda","2,014","Renter","20% to 34% of income","0.35309695001","ACS_B25074_1YR"
"Contra Costa","2,014","Renter","20% to 34% of income","0.34070506617","ACS_B25074_1YR"
"Marin","2,014","Renter","20% to 34% of income","0.31836314163","ACS_B25074_1YR"
"Napa","2,014","Renter","20% to 34% of income","0.34701371638","ACS_B25074_5YR"
"San Francisco","2,014","Renter","20% to 34% of income","0.32973885498","ACS_B25074_1YR"
"San Mateo","2,014","Renter","20% to 34% of income","0.33084717414","ACS_B25074_1YR"
"Santa Clara","2,014","Renter","20% to 34% of income","0.34850994636","ACS_B25074_1YR"
"Solano","2,014","Renter","20% to 34% of income","0.37926374491","ACS_B25074_1YR"
"Sonoma","2,014","Renter","20% to 34% of income","0.36880262556","ACS_B25074_1YR"
"Alameda","2,014","Renter","At least 35% of income","0.41696817601","ACS_B25074_1YR"
"Contra Costa","2,014","Renter","At least 35% of income","0.44897351536","ACS_B25074_1YR"
"Marin","2,014","Renter","At least 35% of income","0.44849813753","ACS_B25074_1YR"
"Napa","2,014","Renter","At least 35% of income","0.44367642294","ACS_B25074_5YR"
"San Francisco","2,014","Renter","At least 35% of income","0.3532594521","ACS_B25074_1YR"
"San Mateo","2,014","Renter","At least 35% of income","0.4127640126","ACS_B25074_1YR"
"Santa Clara","2,014","Renter","At least 35% of income","0.39720453475","ACS_B25074_1YR"
"Solano","2,014","Renter","At least 35% of income","0.42403092819","ACS_B25074_1YR"
"Sonoma","2,014","Renter","At least 35% of income","0.44627821268","ACS_B25074_1YR"
"Alameda","2,015","Renter","Less than 20% of income","0.22460197409","ACS_B25074_1YR"
"Contra Costa","2,015","Renter","Less than 20% of income","0.21637679112","ACS_B25074_1YR"
"Marin","2,015","Renter","Less than 20% of income","0.2736697751","ACS_B25074_1YR"
"Napa","2,015","Renter","Less than 20% of income","0.21067945471","ACS_B25074_5YR"
"San Francisco","2,015","Renter","Less than 20% of income","0.35559964626","ACS_B25074_1YR"
"San Mateo","2,015","Renter","Less than 20% of income","0.23459333129","ACS_B25074_1YR"
"Santa Clara","2,015","Renter","Less than 20% of income","0.27310842434","ACS_B25074_1YR"
"Solano","2,015","Renter","Less than 20% of income","0.1822762407","ACS_B25074_1YR"
"Sonoma","2,015","Renter","Less than 20% of income","0.20453377337","ACS_B25074_1YR"
"Alameda","2,015","Renter","20% to 34% of income","0.35996516318","ACS_B25074_1YR"
"Contra Costa","2,015","Renter","20% to 34% of income","0.35038629418","ACS_B25074_1YR"
"Marin","2,015","Renter","20% to 34% of income","0.35095995612","ACS_B25074_1YR"
"Napa","2,015","Renter","20% to 34% of income","0.34743251253","ACS_B25074_5YR"
"San Francisco","2,015","Renter","20% to 34% of income","0.32398264272","ACS_B25074_1YR"
"San Mateo","2,015","Renter","20% to 34% of income","0.345556997","ACS_B25074_1YR"
"Santa Clara","2,015","Renter","20% to 34% of income","0.33478339134","ACS_B25074_1YR"
"Solano","2,015","Renter","20% to 34% of income","0.31821137037","ACS_B25074_1YR"
"Sonoma","2,015","Renter","20% to 34% of income","0.35086698948","ACS_B25074_1YR"
"Alameda","2,015","Renter","At least 35% of income","0.41543286273","ACS_B25074_1YR"
"Contra Costa","2,015","Renter","At least 35% of income","0.4332369147","ACS_B25074_1YR"
"Marin","2,015","Renter","At least 35% of income","0.37537026879","ACS_B25074_1YR"
"Napa","2,015","Renter","At least 35% of income","0.44188803276","ACS_B25074_5YR"
"San Francisco","2,015","Renter","At least 35% of income","0.32041771102","ACS_B25074_1YR"
"San Mateo","2,015","Renter","At least 35% of income","0.41984967171","ACS_B25074_1YR"
"Santa Clara","2,015","Renter","At least 35% of income","0.39210818433","ACS_B25074_1YR"
"Solano","2,015","Renter","At least 35% of income","0.49951238893","ACS_B25074_1YR"
"Sonoma","2,015","Renter","At least 35% of income","0.44459923716","ACS_B25074_1YR"
"Alameda","2,016","Renter","Less than 20% of income","0.24873550682","ACS_B25074_1YR"
"Contra Costa","2,016","Renter","Less than 20% of income","0.23552186313","ACS_B25074_1YR"
"Marin","2,016","Renter","Less than 20% of income","0.25366183625","ACS_B25074_1YR"
"Napa","2,016","Renter","Less than 20% of income","0.21705816555","ACS_B25074_5YR"
"San Francisco","2,016","Renter","Less than 20% of income","0.38229091164","ACS_B25074_1YR"
"San Mateo","2,016","Renter","Less than 20% of income","0.25532241949","ACS_B25074_1YR"
"Santa Clara","2,016","Renter","Less than 20% of income","0.25959370499","ACS_B25074_1YR"
"Solano","2,016","Renter","Less than 20% of income","0.23846376269","ACS_B25074_1YR"
"Sonoma","2,016","Renter","Less than 20% of income","0.2016684322","ACS_B25074_1YR"
"Alameda","2,016","Renter","20% to 34% of income","0.34951090901","ACS_B25074_1YR"
"Contra Costa","2,016","Renter","20% to 34% of income","0.33444163674","ACS_B25074_1YR"
"Marin","2,016","Renter","20% to 34% of income","0.32172125816","ACS_B25074_1YR"
"Napa","2,016","Renter","20% to 34% of income","0.3634787472","ACS_B25074_5YR"
"San Francisco","2,016","Renter","20% to 34% of income","0.30870957937","ACS_B25074_1YR"
"San Mateo","2,016","Renter","20% to 34% of income","0.33892475598","ACS_B25074_1YR"
"Santa Clara","2,016","Renter","20% to 34% of income","0.36897966263","ACS_B25074_1YR"
"Solano","2,016","Renter","20% to 34% of income","0.34323814059","ACS_B25074_1YR"
"Sonoma","2,016","Renter","20% to 34% of income","0.34503001412","ACS_B25074_1YR"
"Alameda","2,016","Renter","At least 35% of income","0.40175358417","ACS_B25074_1YR"
"Contra Costa","2,016","Renter","At least 35% of income","0.43003650013","ACS_B25074_1YR"
"Marin","2,016","Renter","At least 35% of income","0.42461690559","ACS_B25074_1YR"
"Napa","2,016","Renter","At least 35% of income","0.41946308725","ACS_B25074_5YR"
"San Francisco","2,016","Renter","At least 35% of income","0.30899950899","ACS_B25074_1YR"
"San Mateo","2,016","Renter","At least 35% of income","0.40575282453","ACS_B25074_1YR"
"Santa Clara","2,016","Renter","At least 35% of income","0.37142663238","ACS_B25074_1YR"
"Solano","2,016","Renter","At least 35% of income","0.41829809671","ACS_B25074_1YR"
"Sonoma","2,016","Renter","At least 35% of income","0.45330155367","ACS_B25074_1YR"
"Alameda","2,017","Renter","Less than 20% of income","0.24621278553","ACS_B25074_1YR"
"Contra Costa","2,017","Renter","Less than 20% of income","0.22002516779","ACS_B25074_1YR"
"Marin","2,017","Renter","Less than 20% of income","0.21331138944","ACS_B25074_1YR"
"Napa","2,017","Renter","Less than 20% of income","0.20713699754","ACS_B25074_5YR"
"San Francisco","2,017","Renter","Less than 20% of income","0.40503597448","ACS_B25074_1YR"
"San Mateo","2,017","Renter","Less than 20% of income","0.24904530713","ACS_B25074_1YR"
"Santa Clara","2,017","Renter","Less than 20% of income","0.26790863141","ACS_B25074_1YR"
"Solano","2,017","Renter","Less than 20% of income","0.19605134598","ACS_B25074_1YR"
"Sonoma","2,017","Renter","Less than 20% of income","0.2020487917","ACS_B25074_1YR"
"Alameda","2,017","Renter","20% to 34% of income","0.35308491857","ACS_B25074_1YR"
"Contra Costa","2,017","Renter","20% to 34% of income","0.32749161074","ACS_B25074_1YR"
"Marin","2,017","Renter","20% to 34% of income","0.32081787498","ACS_B25074_1YR"
"Napa","2,017","Renter","20% to 34% of income","0.36769014415","ACS_B25074_5YR"
"San Francisco","2,017","Renter","20% to 34% of income","0.31107161801","ACS_B25074_1YR"
"San Mateo","2,017","Renter","20% to 34% of income","0.33816276794","ACS_B25074_1YR"
"Santa Clara","2,017","Renter","20% to 34% of income","0.35215452063","ACS_B25074_1YR"
"Solano","2,017","Renter","20% to 34% of income","0.37016946868","ACS_B25074_1YR"
"Sonoma","2,017","Renter","20% to 34% of income","0.33711674952","ACS_B25074_1YR"
"Alameda","2,017","Renter","At least 35% of income","0.40070229591","ACS_B25074_1YR"
"Contra Costa","2,017","Renter","At least 35% of income","0.45248322148","ACS_B25074_1YR"
"Marin","2,017","Renter","At least 35% of income","0.46587073559","ACS_B25074_1YR"
"Napa","2,017","Renter","At least 35% of income","0.42517285831","ACS_B25074_5YR"
"San Francisco","2,017","Renter","At least 35% of income","0.2838924075","ACS_B25074_1YR"
"San Mateo","2,017","Renter","At least 35% of income","0.41279192493","ACS_B25074_1YR"
"Santa Clara","2,017","Renter","At least 35% of income","0.37993684796","ACS_B25074_1YR"
"Solano","2,017","Renter","At least 35% of income","0.43377918534","ACS_B25074_1YR"
"Sonoma","2,017","Renter","At least 35% of income","0.46083445878","ACS_B25074_1YR"
"Alameda","2,018","Renter","Less than 20% of income","0.24236352372","ACS_B25074_1YR"
"Contra Costa","2,018","Renter","Less than 20% of income","0.22213702442","ACS_B25074_1YR"
"Marin","2,018","Renter","Less than 20% of income","0.24092812282","ACS_B25074_1YR"
"Napa","2,018","Renter","Less than 20% of income","0.21128101386","ACS_B25074_5YR"
"San Francisco","2,018","Renter","Less than 20% of income","0.40648363098","ACS_B25074_1YR"
"San Mateo","2,018","Renter","Less than 20% of income","0.27466596057","ACS_B25074_1YR"
"Santa Clara","2,018","Renter","Less than 20% of income","0.28724006327","ACS_B25074_1YR"
"Solano","2,018","Renter","Less than 20% of income","0.23012084141","ACS_B25074_1YR"
"Sonoma","2,018","Renter","Less than 20% of income","0.2161470754","ACS_B25074_1YR"
"Alameda","2,018","Renter","20% to 34% of income","0.35508144268","ACS_B25074_1YR"
"Contra Costa","2,018","Renter","20% to 34% of income","0.33471933472","ACS_B25074_1YR"
"Marin","2,018","Renter","20% to 34% of income","0.33909048616","ACS_B25074_1YR"
"Napa","2,018","Renter","20% to 34% of income","0.3491997382","ACS_B25074_5YR"
"San Francisco","2,018","Renter","20% to 34% of income","0.30989178716","ACS_B25074_1YR"
"San Mateo","2,018","Renter","20% to 34% of income","0.32416082777","ACS_B25074_1YR"
"Santa Clara","2,018","Renter","20% to 34% of income","0.3483696362","ACS_B25074_1YR"
"Solano","2,018","Renter","20% to 34% of income","0.36798821423","ACS_B25074_1YR"
"Sonoma","2,018","Renter","20% to 34% of income","0.32583214095","ACS_B25074_1YR"
"Alameda","2,018","Renter","At least 35% of income","0.4025550336","ACS_B25074_1YR"
"Contra Costa","2,018","Renter","At least 35% of income","0.44314364086","ACS_B25074_1YR"
"Marin","2,018","Renter","At least 35% of income","0.41998139102","ACS_B25074_1YR"
"Napa","2,018","Renter","At least 35% of income","0.43951924793","ACS_B25074_5YR"
"San Francisco","2,018","Renter","At least 35% of income","0.28362458186","ACS_B25074_1YR"
"San Mateo","2,018","Renter","At least 35% of income","0.40117321167","ACS_B25074_1YR"
"Santa Clara","2,018","Renter","At least 35% of income","0.36439030053","ACS_B25074_1YR"
"Solano","2,018","Renter","At least 35% of income","0.40189094435","ACS_B25074_1YR"
"Sonoma","2,018","Renter","At least 35% of income","0.45802078365","ACS_B25074_1YR"
"Alameda","2,019","Renter","Less than 20% of income","0.26063815722","ACS_B25074_1YR"
"Contra Costa","2,019","Renter","Less than 20% of income","0.25050225729","ACS_B25074_1YR"
"Marin","2,019","Renter","Less than 20% of income","0.25349428208","ACS_B25074_5YR"
"Napa","2,019","Renter","Less than 20% of income","0.20120284308","ACS_B25074_5YR"
"San Francisco","2,019","Renter","Less than 20% of income","0.43585599819","ACS_B25074_1YR"
"San Mateo","2,019","Renter","Less than 20% of income","0.32336802452","ACS_B25074_1YR"
"Santa Clara","2,019","Renter","Less than 20% of income","0.30620816707","ACS_B25074_1YR"
"Solano","2,019","Renter","Less than 20% of income","0.1929170036","ACS_B25074_1YR"
"Sonoma","2,019","Renter","Less than 20% of income","0.20930301812","ACS_B25074_1YR"
"Alameda","2,019","Renter","20% to 34% of income","0.35225946338","ACS_B25074_1YR"
"Contra Costa","2,019","Renter","20% to 34% of income","0.33643217808","ACS_B25074_1YR"
"Marin","2,019","Renter","20% to 34% of income","0.32470581736","ACS_B25074_5YR"
"Napa","2,019","Renter","20% to 34% of income","0.37409634895","ACS_B25074_5YR"
"San Francisco","2,019","Renter","20% to 34% of income","0.3214716172","ACS_B25074_1YR"
"San Mateo","2,019","Renter","20% to 34% of income","0.29957428816","ACS_B25074_1YR"
"Santa Clara","2,019","Renter","20% to 34% of income","0.33217392541","ACS_B25074_1YR"
"Solano","2,019","Renter","20% to 34% of income","0.40057340293","ACS_B25074_1YR"
"Sonoma","2,019","Renter","20% to 34% of income","0.37486041006","ACS_B25074_1YR"
"Alameda","2,019","Renter","At least 35% of income","0.3871023794","ACS_B25074_1YR"
"Contra Costa","2,019","Renter","At least 35% of income","0.41306556463","ACS_B25074_1YR"
"Marin","2,019","Renter","At least 35% of income","0.42179990056","ACS_B25074_5YR"
"Napa","2,019","Renter","At least 35% of income","0.42470080797","ACS_B25074_5YR"
"San Francisco","2,019","Renter","At least 35% of income","0.24267238461","ACS_B25074_1YR"
"San Mateo","2,019","Renter","At least 35% of income","0.37705768732","ACS_B25074_1YR"
"Santa Clara","2,019","Renter","At least 35% of income","0.36161790752","ACS_B25074_1YR"
"Solano","2,019","Renter","At least 35% of income","0.40650959347","ACS_B25074_1YR"
"Sonoma","2,019","Renter","At least 35% of income","0.41583657182","ACS_B25074_1YR"
"Alameda","2,020","Renter","Less than 20% of income","0.25798244099","ACS_B25074_5YR"
"Contra Costa","2,020","Renter","Less than 20% of income","0.23211683482","ACS_B25074_5YR"
"Marin","2,020","Renter","Less than 20% of income","0.24168447586","ACS_B25074_5YR"
"Napa","2,020","Renter","Less than 20% of income","0.19160447761","ACS_B25074_5YR"
"San Francisco","2,020","Renter","Less than 20% of income","0.39450606915","ACS_B25074_5YR"
"San Mateo","2,020","Renter","Less than 20% of income","0.27459724951","ACS_B25074_5YR"
"Santa Clara","2,020","Renter","Less than 20% of income","0.29301517268","ACS_B25074_5YR"
"Solano","2,020","Renter","Less than 20% of income","0.1996186565","ACS_B25074_5YR"
"Sonoma","2,020","Renter","Less than 20% of income","0.22020234184","ACS_B25074_5YR"
"Alameda","2,020","Renter","20% to 34% of income","0.34733238052","ACS_B25074_5YR"
"Contra Costa","2,020","Renter","20% to 34% of income","0.33287412704","ACS_B25074_5YR"
"Marin","2,020","Renter","20% to 34% of income","0.34232012713","ACS_B25074_5YR"
"Napa","2,020","Renter","20% to 34% of income","0.37630597015","ACS_B25074_5YR"
"San Francisco","2,020","Renter","20% to 34% of income","0.31584549245","ACS_B25074_5YR"
"San Mateo","2,020","Renter","20% to 34% of income","0.32824165029","ACS_B25074_5YR"
"Santa Clara","2,020","Renter","20% to 34% of income","0.34565325683","ACS_B25074_5YR"
"Solano","2,020","Renter","20% to 34% of income","0.37164491053","ACS_B25074_5YR"
"Sonoma","2,020","Renter","20% to 34% of income","0.33499298027","ACS_B25074_5YR"
"Alameda","2,020","Renter","At least 35% of income","0.3946851785","ACS_B25074_5YR"
"Contra Costa","2,020","Renter","At least 35% of income","0.43500903814","ACS_B25074_5YR"
"Marin","2,020","Renter","At least 35% of income","0.41599539701","ACS_B25074_5YR"
"Napa","2,020","Renter","At least 35% of income","0.43208955224","ACS_B25074_5YR"
"San Francisco","2,020","Renter","At least 35% of income","0.2896484384","ACS_B25074_5YR"
"San Mateo","2,020","Renter","At least 35% of income","0.3971611002","ACS_B25074_5YR"
"Santa Clara","2,020","Renter","At least 35% of income","0.36133157049","ACS_B25074_5YR"
"Solano","2,020","Renter","At least 35% of income","0.42873643297","ACS_B25074_5YR"
"Sonoma","2,020","Renter","At least 35% of income","0.44480467789","ACS_B25074_5YR"
"Alameda","2,021","Renter","Less than 20% of income","0.25089324721","ACS_B25074_1YR"
"Contra Costa","2,021","Renter","Less than 20% of income","0.1864549204","ACS_B25074_1YR"
"Marin","2,021","Renter","Less than 20% of income","0.1821370052","ACS_B25074_1YR"
"Napa","2,021","Renter","Less than 20% of income","0.18648444388","ACS_B25074_5YR"
"San Francisco","2,021","Renter","Less than 20% of income","0.35193735199","ACS_B25074_1YR"
"San Mateo","2,021","Renter","Less than 20% of income","0.25053383546","ACS_B25074_1YR"
"Santa Clara","2,021","Renter","Less than 20% of income","0.30699565626","ACS_B25074_1YR"
"Solano","2,021","Renter","Less than 20% of income","0.14560324339","ACS_B25074_1YR"
"Sonoma","2,021","Renter","Less than 20% of income","0.1847816299","ACS_B25074_1YR"
"Alameda","2,021","Renter","20% to 34% of income","0.33534216439","ACS_B25074_1YR"
"Contra Costa","2,021","Renter","20% to 34% of income","0.3093551247","ACS_B25074_1YR"
"Marin","2,021","Renter","20% to 34% of income","0.30482651565","ACS_B25074_1YR"
"Napa","2,021","Renter","20% to 34% of income","0.36912709409","ACS_B25074_5YR"
"San Francisco","2,021","Renter","20% to 34% of income","0.30849370137","ACS_B25074_1YR"
"San Mateo","2,021","Renter","20% to 34% of income","0.32167954343","ACS_B25074_1YR"
"Santa Clara","2,021","Renter","20% to 34% of income","0.34554136055","ACS_B25074_1YR"
"Solano","2,021","Renter","20% to 34% of income","0.35934223403","ACS_B25074_1YR"
"Sonoma","2,021","Renter","20% to 34% of income","0.36600630347","ACS_B25074_1YR"
"Alameda","2,021","Renter","At least 35% of income","0.4137645884","ACS_B25074_1YR"
"Contra Costa","2,021","Renter","At least 35% of income","0.5041899549","ACS_B25074_1YR"
"Marin","2,021","Renter","At least 35% of income","0.51303647914","ACS_B25074_1YR"
"Napa","2,021","Renter","At least 35% of income","0.44438846202","ACS_B25074_5YR"
"San Francisco","2,021","Renter","At least 35% of income","0.33956894665","ACS_B25074_1YR"
"San Mateo","2,021","Renter","At least 35% of income","0.42778662111","ACS_B25074_1YR"
"Santa Clara","2,021","Renter","At least 35% of income","0.34746298319","ACS_B25074_1YR"
"Solano","2,021","Renter","At least 35% of income","0.49505452258","ACS_B25074_1YR"
"Sonoma","2,021","Renter","At least 35% of income","0.44921206664","ACS_B25074_1YR"
"Alameda","2,022","Renter","Less than 20% of income","0.24323586851","ACS_B25074_1YR"
"Contra Costa","2,022","Renter","Less than 20% of income","0.18080894023","ACS_B25074_1YR"
"Marin","2,022","Renter","Less than 20% of income","0.2269744286","ACS_B25074_5YR"
"Napa","2,022","Renter","Less than 20% of income","0.19297814878","ACS_B25074_5YR"
"San Francisco","2,022","Renter","Less than 20% of income","0.3715648573","ACS_B25074_1YR"
"San Mateo","2,022","Renter","Less than 20% of income","0.25655710092","ACS_B25074_1YR"
"Santa Clara","2,022","Renter","Less than 20% of income","0.29465896725","ACS_B25074_1YR"
"Solano","2,022","Renter","Less than 20% of income","0.19130920257","ACS_B25074_1YR"
"Sonoma","2,022","Renter","Less than 20% of income","0.19905509623","ACS_B25074_1YR"
"Alameda","2,022","Renter","20% to 34% of income","0.3216417125","ACS_B25074_1YR"
"Contra Costa","2,022","Renter","20% to 34% of income","0.34388140779","ACS_B25074_1YR"
"Marin","2,022","Renter","20% to 34% of income","0.33751980086","ACS_B25074_5YR"
"Napa","2,022","Renter","20% to 34% of income","0.37429413209","ACS_B25074_5YR"
"San Francisco","2,022","Renter","20% to 34% of income","0.3294163057","ACS_B25074_1YR"
"San Mateo","2,022","Renter","20% to 34% of income","0.30823427499","ACS_B25074_1YR"
"Santa Clara","2,022","Renter","20% to 34% of income","0.33526166298","ACS_B25074_1YR"
"Solano","2,022","Renter","20% to 34% of income","0.30719270494","ACS_B25074_1YR"
"Sonoma","2,022","Renter","20% to 34% of income","0.37641909261","ACS_B25074_1YR"
"Alameda","2,022","Renter","At least 35% of income","0.43512241899","ACS_B25074_1YR"
"Contra Costa","2,022","Renter","At least 35% of income","0.47530965198","ACS_B25074_1YR"
"Marin","2,022","Renter","At least 35% of income","0.43550577054","ACS_B25074_5YR"
"Napa","2,022","Renter","At least 35% of income","0.43272771913","ACS_B25074_5YR"
"San Francisco","2,022","Renter","At least 35% of income","0.299018837","ACS_B25074_1YR"
"San Mateo","2,022","Renter","At least 35% of income","0.43520862409","ACS_B25074_1YR"
"Santa Clara","2,022","Renter","At least 35% of income","0.37007936977","ACS_B25074_1YR"
"Solano","2,022","Renter","At least 35% of income","0.50149809249","ACS_B25074_1YR"
"Sonoma","2,022","Renter","At least 35% of income","0.42452581116","ACS_B25074_1YR"
"Alameda","2,023","Renter","Less than 20% of income","0.24268360746","ACS_B25074_1YR"
"Contra Costa","2,023","Renter","Less than 20% of income","0.17355166952","ACS_B25074_1YR"
"Marin","2,023","Renter","Less than 20% of income","0.2079547692","ACS_B25074_5YR"
"Napa","2,023","Renter","Less than 20% of income","0.19954716082","ACS_B25074_5YR"
"San Francisco","2,023","Renter","Less than 20% of income","0.3675628169","ACS_B25074_1YR"
"San Mateo","2,023","Renter","Less than 20% of income","0.26868277893","ACS_B25074_1YR"
"Santa Clara","2,023","Renter","Less than 20% of income","0.29907601977","ACS_B25074_1YR"
"Solano","2,023","Renter","Less than 20% of income","0.1788899809","ACS_B25074_1YR"
"Sonoma","2,023","Renter","Less than 20% of income","0.18945603285","ACS_B25074_1YR"
"Alameda","2,023","Renter","20% to 34% of income","0.32076757976","ACS_B25074_1YR"
"Contra Costa","2,023","Renter","20% to 34% of income","0.35983872774","ACS_B25074_1YR"
"Marin","2,023","Renter","20% to 34% of income","0.32924530956","ACS_B25074_5YR"
"Napa","2,023","Renter","20% to 34% of income","0.36745516296","ACS_B25074_5YR"
"San Francisco","2,023","Renter","20% to 34% of income","0.31681802817","ACS_B25074_1YR"
"San Mateo","2,023","Renter","20% to 34% of income","0.3397296286","ACS_B25074_1YR"
"Santa Clara","2,023","Renter","20% to 34% of income","0.32703042357","ACS_B25074_1YR"
"Solano","2,023","Renter","20% to 34% of income","0.35001019897","ACS_B25074_1YR"
"Sonoma","2,023","Renter","20% to 34% of income","0.36488583115","ACS_B25074_1YR"
"Alameda","2,023","Renter","At least 35% of income","0.43654881278","ACS_B25074_1YR"
"Contra Costa","2,023","Renter","At least 35% of income","0.46660960274","ACS_B25074_1YR"
"Marin","2,023","Renter","At least 35% of income","0.46279992124","ACS_B25074_5YR"
"Napa","2,023","Renter","At least 35% of income","0.43299767622","ACS_B25074_5YR"
"San Francisco","2,023","Renter","At least 35% of income","0.31561915493","ACS_B25074_1YR"
"San Mateo","2,023","Renter","At least 35% of income","0.39158759247","ACS_B25074_1YR"
"Santa Clara","2,023","Renter","At least 35% of income","0.37389355666","ACS_B25074_1YR"
"Solano","2,023","Renter","At least 35% of income","0.47109982013","ACS_B25074_1YR"
"Sonoma","2,023","Renter","At least 35% of income","0.445658136","ACS_B25074_1YR"
"Alameda","2,024","Renter","Less than 20% of income","0.24641818762","ACS_B25074_1YR"
"Contra Costa","2,024","Renter","Less than 20% of income","0.18995840618","ACS_B25074_1YR"
"Marin","2,024","Renter","Less than 20% of income","0.19011077775","ACS_B25074_5YR"
"Napa","2,024","Renter","Less than 20% of income","0.21285928662","ACS_B25074_5YR"
"San Francisco","2,024","Renter","Less than 20% of income","0.37467800969","ACS_B25074_1YR"
"San Mateo","2,024","Renter","Less than 20% of income","0.30384934156","ACS_B25074_1YR"
"Santa Clara","2,024","Renter","Less than 20% of income","0.330532307","ACS_B25074_1YR"
"Solano","2,024","Renter","Less than 20% of income","0.16312005492","ACS_B25074_5YR"
"Sonoma","2,024","Renter","Less than 20% of income","0.18640718374","ACS_B25074_1YR"
"Alameda","2,024","Renter","20% to 34% of income","0.32433081353","ACS_B25074_1YR"
"Contra Costa","2,024","Renter","20% to 34% of income","0.32144596396","ACS_B25074_1YR"
"Marin","2,024","Renter","20% to 34% of income","0.3379875375","ACS_B25074_5YR"
"Napa","2,024","Renter","20% to 34% of income","0.33781599908","ACS_B25074_5YR"
"San Francisco","2,024","Renter","20% to 34% of income","0.312300366","ACS_B25074_1YR"
"San Mateo","2,024","Renter","20% to 34% of income","0.32409982503","ACS_B25074_1YR"
"Santa Clara","2,024","Renter","20% to 34% of income","0.30022276055","ACS_B25074_1YR"
"Solano","2,024","Renter","20% to 34% of income","0.34336500596","ACS_B25074_5YR"
"Sonoma","2,024","Renter","20% to 34% of income","0.36864071837","ACS_B25074_1YR"
"Alameda","2,024","Renter","At least 35% of income","0.42925099886","ACS_B25074_1YR"
"Contra Costa","2,024","Renter","At least 35% of income","0.48859562985","ACS_B25074_1YR"
"Marin","2,024","Renter","At least 35% of income","0.47190168474","ACS_B25074_5YR"
"Napa","2,024","Renter","At least 35% of income","0.4493247143","ACS_B25074_5YR"
"San Francisco","2,024","Renter","At least 35% of income","0.31302162431","ACS_B25074_1YR"
"San Mateo","2,024","Renter","At least 35% of income","0.37205083341","ACS_B25074_1YR"
"Santa Clara","2,024","Renter","At least 35% of income","0.36924493245","ACS_B25074_1YR"
"Solano","2,024","Renter","At least 35% of income","0.49351493912","ACS_B25074_5YR"
"Sonoma","2,024","Renter","At least 35% of income","0.44495209789","ACS_B25074_1YR"
